src,tgt
router wiâ€‘fi pinn á»•n. bá»‹ trá»ƒ lá»‹ch giao.,Router Wiâ€‘Fi pin á»•n. bá»‹ trá»… lá»‹ch giao.
MÃ¡y lá»c khong khÃ­ siÃªu tá»‡. khÃ³ liÃªn há»‡. ğŸ’”,MÃ¡y lá»c khÃ´ng khÃ­ ráº¥t tá»‡. khÃ³ liÃªn há»‡.
mÃ n hÃ¬nh Ä‘á»™ hoÃ n thiá»‡n cao. giao hÃ ng Ä‘Ãºng háº¹n. há»— trá»£ nhiá»‡t tÃ¬nh. giÃ¡ hÆ¡i cao.,MÃ n hÃ¬nh Ä‘á»™ hoÃ n thiá»‡n cao. giao hÃ ng Ä‘Ãºng háº¹n. há»— trá»£ nhiá»‡t tÃ¬nh. giÃ¡ hÆ¡i cao.
Laptop do hoan thien cao. khong hai long.,Laptop Ä‘á»™ hoÃ n thiá»‡n cao. khÃ´ng hÃ i lÃ²ng.
san pham chat luong kem. rat that vong.,Sáº£n pháº©m cháº¥t lÆ°á»£ng kÃ©m. ráº¥t tháº¥t vá»ng.
router wiâ€‘fi dang tien. minh rat thich.,Router Wiâ€‘Fi Ä‘Ã¡ng tiá»n. mÃ¬nh ráº¥t thÃ­ch.
dien thoai xung dang voi gia tien. dong goi chac chan.,Äiá»‡n thoáº¡i xá»©ng Ä‘Ã¡ng vá»›i giÃ¡ tiá»n. Ä‘Ã³ng gÃ³i cháº¯c cháº¯n.
loa Ã¢m thanh á»•n. max tháº¥t vá»ng. ğŸ‘,Loa Ã¢m thanh á»•n. ráº¥t tháº¥t vá»ng.
loa dang tien. gia dat.,Loa Ä‘Ã¡ng tiá»n. giÃ¡ Ä‘áº¯t.
BÃ n phÃ­m cÆ¡ cháº¥t lÆ°á»£ng rat tá»‘t. gia ráº».,BÃ n phÃ­m cÆ¡ cháº¥t lÆ°á»£ng ráº¥t tá»‘t. giÃ¡ ráº».
Loa man hinh bi ho sang. minh rat thich.,Loa mÃ n hÃ¬nh bá»‹ há»Ÿ sÃ¡ng. mÃ¬nh ráº¥t thÃ­ch.
ban phim co chat luong rat tot. khong hai long.,BÃ n phÃ­m cÆ¡ cháº¥t lÆ°á»£ng ráº¥t tá»‘t. khÃ´ng hÃ i lÃ²ng.
mÃ¡y lá»c khong khÃ­ xá»©ng Ä‘Ã¡ng w $ tiá»n. giao hÃ ng chuáº©n háº¹n. Ä‘Ã³ng gÃ³i cháº¯c cháº¯n.,MÃ¡y lá»c khÃ´ng khÃ­ xá»©ng Ä‘Ã¡ng vá»›i giÃ¡ tiá»n. giao hÃ ng Ä‘Ãºng háº¹n. Ä‘Ã³ng gÃ³i cháº¯c cháº¯n.
Dien thoai dang that vong. gia dat.,Äiá»‡n thoáº¡i Ä‘Ã¡ng tháº¥t vá»ng. giÃ¡ Ä‘áº¯t.
sáº£n pháº©m hong nhÆ° mÃ´ táº£. Ä‘Ã³ng gÃ³i cháº¯c cháº¯n.,Sáº£n pháº©m khÃ´ng nhÆ° mÃ´ táº£. Ä‘Ã³ng gÃ³i cháº¯c cháº¯n.
San pham tuyet voi. phan hoi cham.,Sáº£n pháº©m tuyá»‡t vá»i. pháº£n há»“i cháº­m.
mÃ n hÃ¬nh Ã¢m thanh tá»‡. mÃ¬nh ráº¥t thÃ­ch.,MÃ n hÃ¬nh Ã¢m thanh tá»‡. mÃ¬nh ráº¥t thÃ­ch.
Pinn du phong man hinh bi ho sang. khong hai long.,Pin dá»± phÃ²ng mÃ n hÃ¬nh bá»‹ há»Ÿ sÃ¡ng. khÃ´ng hÃ i lÃ²ng.
Ä‘iá»‡n thoáº¡i pin á»•n. giao hÃ ng nhanh.,Äiá»‡n thoáº¡i pin á»•n. giao hÃ ng nhanh.
loa xá»©ng Ä‘Ã¡ng w $ tiá»n. gia há»£p lÃ½.,Loa xá»©ng Ä‘Ã¡ng vá»›i giÃ¡ tiá»n. giÃ¡ há»£p lÃ½.
Pin du phong that vong. giao hoi cham. ho tro nhiet tinh. gia re.,Pin dá»± phÃ²ng tháº¥t vá»ng. giao hÆ¡i cháº­m. há»— trá»£ nhiá»‡t tÃ¬nh. giÃ¡ ráº».
Ä‘iá»‡n thoáº¡i audio á»•n. cá»±c tv.,Äiá»‡n thoáº¡i Ã¢m thanh á»•n. ráº¥t tháº¥t vá»ng.
tai nghe pinn tá»¥t nhanh. giao hÃ ng chuáº©n háº¹n.,Tai nghe pin tá»¥t nhanh. giao hÃ ng Ä‘Ãºng háº¹n.
router wiâ€‘fi battery tá»‘t. giao hÃ ng nhanh.,Router Wiâ€‘Fi pin tá»‘t. giao hÃ ng nhanh.
router wiâ€‘fi chat luong rat tot. giao hoi cham. dong goi so sai.,Router Wiâ€‘Fi cháº¥t lÆ°á»£ng ráº¥t tá»‘t. giao hÆ¡i cháº­m. Ä‘Ã³ng gÃ³i sÆ¡ sÃ i.
mÃ¡y lá»c khÃ´ng khÃ­ pin tá»‘t. bá»‹ trá»… lá»‹ch giao.,MÃ¡y lá»c khÃ´ng khÃ­ pin tá»‘t. bá»‹ trá»… lá»‹ch giao.
tai nghe that vong. gia dat.,Tai nghe tháº¥t vá»ng. giÃ¡ Ä‘áº¯t.
Loa battery yáº¿u. giao hÃ ng chuan háº¹n.,Loa pin yáº¿u. giao hÃ ng Ä‘Ãºng háº¹n.
Man hinh do hoan thien cao. phan hoi cham.,MÃ n hÃ¬nh Ä‘á»™ hoÃ n thiá»‡n cao. pháº£n há»“i cháº­m.
laptop am thanh rÃ¨. khÃ´ng Æ°ng bá»¥ng.,Laptop Ã¢m thanh rÃ¨. khÃ´ng hÃ i lÃ²ng.
Loa do hoan thien cao. phan hoi nhanh.,Loa Ä‘á»™ hoÃ n thiá»‡n cao. pháº£n há»“i nhanh.
Loa tuyá»‡t vá»i. Ã¢m thanh rÃ¨. mÃ n hÃ¬nh á»•n. ğŸ’–,Loa tuyá»‡t vá»i. Ã¢m thanh rÃ¨. mÃ n hÃ¬nh á»•n.
Loa pin on. giao hang dung hen.,Loa pin á»•n. giao hÃ ng Ä‘Ãºng háº¹n.
loa that vong. gia hoi cao.,Loa tháº¥t vá»ng. giÃ¡ hÆ¡i cao.
Router Wiâ€‘Fi xung dang voi gia tien. giao hoi cham. dong goi so sai.,Router Wiâ€‘Fi xá»©ng Ä‘Ã¡ng vá»›i giÃ¡ tiá»n. giao hÆ¡i cháº­m. Ä‘Ã³ng gÃ³i sÆ¡ sÃ i.
san pham dang that vong. dong goi so sai.,Sáº£n pháº©m Ä‘Ã¡ng tháº¥t vá»ng. Ä‘Ã³ng gÃ³i sÆ¡ sÃ i.
Man hinh battery tut nhanh. giao hang dung hen.,MÃ n hÃ¬nh pin tá»¥t nhanh. giao hÃ ng Ä‘Ãºng háº¹n.
router wiâ€‘fi cl kÃ©m. giÃ¡ hÆ¡i cao. ğŸ†˜,Router Wiâ€‘Fi cháº¥t lÆ°á»£ng kÃ©m. giÃ¡ hÆ¡i cao.
loa dung nhu mo ta. dong goi so sai.,Loa Ä‘Ãºng nhÆ° mÃ´ táº£. Ä‘Ã³ng gÃ³i sÆ¡ sÃ i.
Ä‘iá»‡n thoáº¡i mÃ n hÃ¬nh bá»‹ há»Ÿ sÃ¡ng. kh hÃ i lÃ²ng.,Äiá»‡n thoáº¡i mÃ n hÃ¬nh bá»‹ há»Ÿ sÃ¡ng. khÃ´ng hÃ i lÃ²ng.
mÃ¡y lá»c k khÃ­ ko nhÆ° mÃ´ táº£. khÃ³ liÃªn há»‡.,MÃ¡y lá»c khÃ´ng khÃ­ khÃ´ng nhÆ° mÃ´ táº£. khÃ³ liÃªn há»‡.
may loc khong khi man hinh xau. minh rat thich.,MÃ¡y lá»c khÃ´ng khÃ­ mÃ n hÃ¬nh xáº¥u. mÃ¬nh ráº¥t thÃ­ch.
San pham do hoan thien cao. am thanh hay. man hinh xau.,Sáº£n pháº©m Ä‘á»™ hoÃ n thiá»‡n cao. Ã¢m thanh hay. mÃ n hÃ¬nh xáº¥u.
laptop dang that vong. phan hoi nhanh.,Laptop Ä‘Ã¡ng tháº¥t vá»ng. pháº£n há»“i nhanh.
man hinh chat luong rat tot. am thanh te. man hinh dep.,MÃ n hÃ¬nh cháº¥t lÆ°á»£ng ráº¥t tá»‘t. Ã¢m thanh tá»‡. mÃ n hÃ¬nh Ä‘áº¹p.
Router Wiâ€‘Fi ráº¥t tá»‡. Ã¢m thanh rÃ¨. mÃ n hÃ¬nh xáº¥u. ğŸ˜·,Router Wiâ€‘Fi ráº¥t tá»‡. Ã¢m thanh rÃ¨. mÃ n hÃ¬nh xáº¥u.
May loc khong khi chat luong kem. gia hop ly.,MÃ¡y lá»c khÃ´ng khÃ­ cháº¥t lÆ°á»£ng kÃ©m. giÃ¡ há»£p lÃ½.
loa chat luong rat tot. kha hai long.,Loa cháº¥t lÆ°á»£ng ráº¥t tá»‘t. khÃ¡ hÃ i lÃ²ng.
MÃ¡y lá»c khÃ´ng khÃ­ Ä‘á»™ hoÃ n thiá»‡n cao. bá»‹ trá»… lá»‹ch giao. Ä‘g cháº¯c cháº¯n.,MÃ¡y lá»c khÃ´ng khÃ­ Ä‘á»™ hoÃ n thiá»‡n cao. bá»‹ trá»… lá»‹ch giao. Ä‘Ã³ng gÃ³i cháº¯c cháº¯n.
Dien thoai tuyet voi. giao hoi cham. phan hoi nhanh. gia dat.,Äiá»‡n thoáº¡i tuyá»‡t vá»i. giao hÆ¡i cháº­m. pháº£n há»“i nhanh. giÃ¡ Ä‘áº¯t.
Loa cháº¥t lÆ°á»£ng kÃ©m. khÃ¡ hÃ i lÃ²ng. â­,Loa cháº¥t lÆ°á»£ng kÃ©m. khÃ¡ hÃ i lÃ²ng.
May loc khong khi am thanh on. khong hai long.,MÃ¡y lá»c khÃ´ng khÃ­ Ã¢m thanh á»•n. khÃ´ng hÃ i lÃ²ng.
Router Wiâ€‘Fi xung dang voi gia tien. giao hang dung hen. phan hoi nhanh. gia hoi cao.,Router Wiâ€‘Fi xá»©ng Ä‘Ã¡ng vá»›i giÃ¡ tiá»n. giao hÃ ng Ä‘Ãºng háº¹n. pháº£n há»“i nhanh. giÃ¡ hÆ¡i cao.
san pham dang tien. giao hang dung hen. kho lien he. gia hop ly.,Sáº£n pháº©m Ä‘Ã¡ng tiá»n. giao hÃ ng Ä‘Ãºng háº¹n. khÃ³ liÃªn há»‡. giÃ¡ há»£p lÃ½.
ban phim co do hoan thien cao. am thanh hay. man hinh xau.,BÃ n phÃ­m cÆ¡ Ä‘á»™ hoÃ n thiá»‡n cao. Ã¢m thanh hay. mÃ n hÃ¬nh xáº¥u.
mÃ n hÃ¬nh Ã¢m thanh tá»‡. vl tháº¥t vá»ng. âš ,MÃ n hÃ¬nh Ã¢m thanh tá»‡. ráº¥t tháº¥t vá»ng.
BÃ n phÃ­m cÆ¡ tuyá»‡t vá»i. khÃ¡ hÃ i lÃ²ng. â™¥,BÃ n phÃ­m cÆ¡ tuyá»‡t vá»i. khÃ¡ hÃ i lÃ²ng.
BÃ n phÃ­m cÆ¡ tháº¥t vá»ng. giao hoi cháº­m. Ä‘Ã³ng gÃ³i cháº¯c cháº¯n. ğŸ¤¢,BÃ n phÃ­m cÆ¡ tháº¥t vá»ng. giao hÆ¡i cháº­m. Ä‘Ã³ng gÃ³i cháº¯c cháº¯n.
sáº£n pháº©m mÃ£i Ä‘á»‰nh. há»— trá»£ nhiá»‡t tÃ¬nh.,Sáº£n pháº©m tuyá»‡t vá»i. há»— trá»£ nhiá»‡t tÃ¬nh.
Man hinh man hinh xau. rat that vong.,MÃ n hÃ¬nh mÃ n hÃ¬nh xáº¥u. ráº¥t tháº¥t vá»ng.
man hinh pinn tot. bi tre lich giao.,MÃ n hÃ¬nh pin tá»‘t. bá»‹ trá»… lá»‹ch giao.
Ban phim co battery yeu. giao hang nhanh.,BÃ n phÃ­m cÆ¡ pin yáº¿u. giao hÃ ng nhanh.
pinn du phong xung dang voi gia tien. giao hoi cham. dong goi so sai.,Pin dá»± phÃ²ng xá»©ng Ä‘Ã¡ng vá»›i giÃ¡ tiá»n. giao hÆ¡i cháº­m. Ä‘Ã³ng gÃ³i sÆ¡ sÃ i.
San pham dang tien. phan hoi cham.,Sáº£n pháº©m Ä‘Ã¡ng tiá»n. pháº£n há»“i cháº­m.
laptop dung nhu mo ta. dong goi can than.,Laptop Ä‘Ãºng nhÆ° mÃ´ táº£. Ä‘Ã³ng gÃ³i cáº©n tháº­n.
ban phim co khong nhu mo ta. giao hoi cham. kho lien he. gia hop ly.,BÃ n phÃ­m cÆ¡ khÃ´ng nhÆ° mÃ´ táº£. giao hÆ¡i cháº­m. khÃ³ liÃªn há»‡. giÃ¡ há»£p lÃ½.
Man hinh chat luong kem. dong goi chac chan.,MÃ n hÃ¬nh cháº¥t lÆ°á»£ng kÃ©m. Ä‘Ã³ng gÃ³i cháº¯c cháº¯n.
mÃ n hÃ¬nh mÃ n hÃ¬nh xáº¥u. ráº¥t tháº¥t vá»ng.,MÃ n hÃ¬nh mÃ n hÃ¬nh xáº¥u. ráº¥t tháº¥t vá»ng.
laptop man hinh bi ho sang. rat that vong.,Laptop mÃ n hÃ¬nh bá»‹ há»Ÿ sÃ¡ng. ráº¥t tháº¥t vá»ng.
loa Ä‘Ã¡ng tháº¥t vá»ng. giÃ¡ ráº». ğŸ†˜,Loa Ä‘Ã¡ng tháº¥t vá»ng. giÃ¡ ráº».
battery dá»± phÃ²ng Ä‘t. pháº£n há»“i nhanh.,Pin dá»± phÃ²ng Ä‘Ã¡ng tiá»n. pháº£n há»“i nhanh.
mÃ¡y lá»c khÃ´ng khÃ­ tuyá»‡t vá»i. giao hÃ ng nhanh. há»— trá»£ nhiá»‡t tÃ¬nh. giÃ¡ Ä‘áº¯t.,MÃ¡y lá»c khÃ´ng khÃ­ tuyá»‡t vá»i. giao hÃ ng nhanh. há»— trá»£ nhiá»‡t tÃ¬nh. giÃ¡ Ä‘áº¯t.
man hinh dang that vong. bi tre lich giao. dong goi so sai.,MÃ n hÃ¬nh Ä‘Ã¡ng tháº¥t vá»ng. bá»‹ trá»… lá»‹ch giao. Ä‘Ã³ng gÃ³i sÆ¡ sÃ i.
san pham am thanh te. rat that vong.,Sáº£n pháº©m Ã¢m thanh tá»‡. ráº¥t tháº¥t vá»ng.
Tai nghe that vong. bi tre lich giao. dong goi can than.,Tai nghe tháº¥t vá»ng. bá»‹ trá»… lá»‹ch giao. Ä‘Ã³ng gÃ³i cáº©n tháº­n.
router wiâ€‘fi Ä‘Ã¡ng tiá»n. Ä‘Ã³ng gÃ³i sÆ¡ sÃ i.,Router Wiâ€‘Fi Ä‘Ã¡ng tiá»n. Ä‘Ã³ng gÃ³i sÆ¡ sÃ i.
tai nghe pinn yeu. giao hoi cham.,Tai nghe pin yáº¿u. giao hÆ¡i cháº­m.
Loa do hoan thien cao. giao hang nhanh. dong goi so sai.,Loa Ä‘á»™ hoÃ n thiá»‡n cao. giao hÃ ng nhanh. Ä‘Ã³ng gÃ³i sÆ¡ sÃ i.
san pham am thanh on. minh rat thich.,Sáº£n pháº©m Ã¢m thanh á»•n. mÃ¬nh ráº¥t thÃ­ch.
tai nghe xá»©ng Ä‘Ã¡ng vs gia tiá»n. Ä‘Ã³ng gÃ³i cháº¯c cháº¯n.,Tai nghe xá»©ng Ä‘Ã¡ng vá»›i giÃ¡ tiá»n. Ä‘Ã³ng gÃ³i cháº¯c cháº¯n.
man hinh do hoan thien cao. am thanh re. man hinh dep.,MÃ n hÃ¬nh Ä‘á»™ hoÃ n thiá»‡n cao. Ã¢m thanh rÃ¨. mÃ n hÃ¬nh Ä‘áº¹p.
Ban phim co that vong. am thanh te. man hinh xau.,BÃ n phÃ­m cÆ¡ tháº¥t vá»ng. Ã¢m thanh tá»‡. mÃ n hÃ¬nh xáº¥u.
loa Ä‘á»™ hoÃ n thiá»‡n cao. giao hÃ ng chuan háº¹n. Ä‘Ã³ng gÃ³i cháº¯c cháº¯n.,Loa Ä‘á»™ hoÃ n thiá»‡n cao. giao hÃ ng Ä‘Ãºng háº¹n. Ä‘Ã³ng gÃ³i cháº¯c cháº¯n.
MÃ¡y lá»c kh khÃ­ mÃ n hÃ¬nh xáº¥u. siÃªu tháº¥t vá»ng. ğŸ˜£,MÃ¡y lá»c khÃ´ng khÃ­ mÃ n hÃ¬nh xáº¥u. ráº¥t tháº¥t vá»ng.
loa chat luong rat tot. giao hang dung hen. kho lien he. gia dat.,Loa cháº¥t lÆ°á»£ng ráº¥t tá»‘t. giao hÃ ng Ä‘Ãºng háº¹n. khÃ³ liÃªn há»‡. giÃ¡ Ä‘áº¯t.
mÃ¡y lá»c khÃ´ng khÃ­ ráº¥t tá»‡. giÃ¡ ráº».,MÃ¡y lá»c khÃ´ng khÃ­ ráº¥t tá»‡. giÃ¡ ráº».
May loc khong khi khong nhu mo ta. ho tro nhiet tinh.,MÃ¡y lá»c khÃ´ng khÃ­ khÃ´ng nhÆ° mÃ´ táº£. há»— trá»£ nhiá»‡t tÃ¬nh.
Pinn dá»± phÃ²ng cháº¥t lÆ°á»£ng kÃ©m. gia ráº». ğŸ˜©,Pin dá»± phÃ²ng cháº¥t lÆ°á»£ng kÃ©m. giÃ¡ ráº».
ban phim co am thanh hay. khong hai long.,BÃ n phÃ­m cÆ¡ Ã¢m thanh hay. khÃ´ng hÃ i lÃ²ng.
May loc khong khi do hoan thien cao. giao hang dung hen. phan hoi cham. gia hoi cao.,MÃ¡y lá»c khÃ´ng khÃ­ Ä‘á»™ hoÃ n thiá»‡n cao. giao hÃ ng Ä‘Ãºng háº¹n. pháº£n há»“i cháº­m. giÃ¡ hÆ¡i cao.
Router Wiâ€‘Fi hÃ´ng nhÆ° mÃ´ táº£. mk vl thÃ­ch.,Router Wiâ€‘Fi khÃ´ng nhÆ° mÃ´ táº£. mÃ¬nh ráº¥t thÃ­ch.
Tai nghe battery tot. giao hang nhanh.,Tai nghe pin tá»‘t. giao hÃ ng nhanh.
Laptop am thanh re. kha hai long.,Laptop Ã¢m thanh rÃ¨. khÃ¡ hÃ i lÃ²ng.
Ä‘iá»‡n thoáº¡i pinn tá»‘t. giao hoi cháº­m.,Äiá»‡n thoáº¡i pin tá»‘t. giao hÆ¡i cháº­m.
sáº£n pháº©m tuyá»‡t vá»i. $ hoi cao.,Sáº£n pháº©m tuyá»‡t vá»i. giÃ¡ hÆ¡i cao.
loa Ä‘Ãºng nhÆ° mÃ´ táº£. bá»‹ trá»… lá»‹ch giao. Ä‘Ã³ng gÃ³i sÆ¡ sÃ i.,Loa Ä‘Ãºng nhÆ° mÃ´ táº£. bá»‹ trá»… lá»‹ch giao. Ä‘Ã³ng gÃ³i sÆ¡ sÃ i.
pin du phong dang that vong. am thanh on. man hinh bi ho sang.,Pin dá»± phÃ²ng Ä‘Ã¡ng tháº¥t vá»ng. Ã¢m thanh á»•n. mÃ n hÃ¬nh bá»‹ há»Ÿ sÃ¡ng.
San pham dung nhu mo ta. am thanh re. man hinh dep.,Sáº£n pháº©m Ä‘Ãºng nhÆ° mÃ´ táº£. Ã¢m thanh rÃ¨. mÃ n hÃ¬nh Ä‘áº¹p.
Loa mÃ n hÃ¬nh Ä‘áº¹p. vcl tháº¥t vá»ng.,Loa mÃ n hÃ¬nh Ä‘áº¹p. ráº¥t tháº¥t vá»ng.
man hinh am thanh re. rat that vong.,MÃ n hÃ¬nh Ã¢m thanh rÃ¨. ráº¥t tháº¥t vá»ng.
Router Wiâ€‘Fi pin tut nhanh. giao hang nhanh.,Router Wiâ€‘Fi pin tá»¥t nhanh. giao hÃ ng nhanh.
battery dá»± phÃ²ng mÃ n hÃ¬nh á»•n. hok hÃ i lÃ²ng.,Pin dá»± phÃ²ng mÃ n hÃ¬nh á»•n. khÃ´ng hÃ i lÃ²ng.
tai nghe Ä‘Ãºng nhÆ° mÃ´ táº£. gh nhanh. pack cáº©n tháº­n.,Tai nghe Ä‘Ãºng nhÆ° mÃ´ táº£. giao hÃ ng nhanh. Ä‘Ã³ng gÃ³i cáº©n tháº­n.
Laptop mÃ n hÃ¬nh bá»‹ há»Ÿ sÃ¡ng. mk vl thÃ­ch.,Laptop mÃ n hÃ¬nh bá»‹ há»Ÿ sÃ¡ng. mÃ¬nh ráº¥t thÃ­ch.
laptop ráº¥t tá»‡. giÃ¡ há»£p lÃ½. ğŸ˜•,Laptop ráº¥t tá»‡. giÃ¡ há»£p lÃ½.
May loc khong khi pinn tot. giao hoi cham.,MÃ¡y lá»c khÃ´ng khÃ­ pin tá»‘t. giao hÆ¡i cháº­m.
loa tuyet voi. minh rat thich.,Loa tuyá»‡t vá»i. mÃ¬nh ráº¥t thÃ­ch.
loa chuáº©n nhÆ° mÃ´ táº£. Ã¢m thanh hay. mh bá»‹ há»Ÿ sÃ¡ng.,Loa Ä‘Ãºng nhÆ° mÃ´ táº£. Ã¢m thanh hay. mÃ n hÃ¬nh bá»‹ há»Ÿ sÃ¡ng.
pinn du phong man hinh xau. kha hai long.,Pin dá»± phÃ²ng mÃ n hÃ¬nh xáº¥u. khÃ¡ hÃ i lÃ²ng.
man hinh tuyet voi. minh rat thich.,MÃ n hÃ¬nh tuyá»‡t vá»i. mÃ¬nh ráº¥t thÃ­ch.
Man hinh pinn on. bi tre lich giao.,MÃ n hÃ¬nh pin á»•n. bá»‹ trá»… lá»‹ch giao.
router wiâ€‘fi Ã¢m thanh á»•n. khÃ¡ hÃ i lÃ²ng.,Router Wiâ€‘Fi Ã¢m thanh á»•n. khÃ¡ hÃ i lÃ²ng.
tai nghe pin on. giao hoi cham.,Tai nghe pin á»•n. giao hÆ¡i cháº­m.
man hinh xung dang voi gia tien. giao hang nhanh. ho tro nhiet tinh. gia hop ly.,MÃ n hÃ¬nh xá»©ng Ä‘Ã¡ng vá»›i giÃ¡ tiá»n. giao hÃ ng nhanh. há»— trá»£ nhiá»‡t tÃ¬nh. giÃ¡ há»£p lÃ½.
Router Wiâ€‘Fi pinn yeu. giao hang dung hen.,Router Wiâ€‘Fi pin yáº¿u. giao hÃ ng Ä‘Ãºng háº¹n.
loa cháº¥t lÆ°á»£ng kÃ©m. Ã¢m thanh hay. mÃ n hÃ¬nh xáº¥u.,Loa cháº¥t lÆ°á»£ng kÃ©m. Ã¢m thanh hay. mÃ n hÃ¬nh xáº¥u.
Dien thoai dang that vong. giao hang dung hen. dong goi chac chan.,Äiá»‡n thoáº¡i Ä‘Ã¡ng tháº¥t vá»ng. giao hÃ ng Ä‘Ãºng háº¹n. Ä‘Ã³ng gÃ³i cháº¯c cháº¯n.
tai nghe Ä‘á»™ hoÃ n thiá»‡n cao. gia Ä‘áº¯t.,Tai nghe Ä‘á»™ hoÃ n thiá»‡n cao. giÃ¡ Ä‘áº¯t.
Äiá»‡n thoáº¡i tháº¥t vá»ng. Ä‘Ã³ng gÃ³i cháº¯c cháº¯n. ğŸ˜·,Äiá»‡n thoáº¡i tháº¥t vá»ng. Ä‘Ã³ng gÃ³i cháº¯c cháº¯n.
mÃ n hÃ¬nh hÃ´ng chÃ­nh xÃ¡c nhÆ° hÃ¬nh. khÃ³ liÃªn há»‡.,MÃ n hÃ¬nh khÃ´ng nhÆ° mÃ´ táº£. khÃ³ liÃªn há»‡.
Loa chat luong kem. dong goi can than.,Loa cháº¥t lÆ°á»£ng kÃ©m. Ä‘Ã³ng gÃ³i cáº©n tháº­n.
Ban phim co man hinh dep. kha hai long.,BÃ n phÃ­m cÆ¡ mÃ n hÃ¬nh Ä‘áº¹p. khÃ¡ hÃ i lÃ²ng.
battery du phong man hinh bi ho sang. minh rat thich.,Pin dá»± phÃ²ng mÃ n hÃ¬nh bá»‹ há»Ÿ sÃ¡ng. mÃ¬nh ráº¥t thÃ­ch.
laptop Ä‘Ã¡ng tháº¥t vá»ng. bá»‹ trá»… lá»‹ch giao. pháº£n há»“i cháº­m. giÃ¡ hÆ¡i cao. ğŸ‘,Laptop Ä‘Ã¡ng tháº¥t vá»ng. bá»‹ trá»… lá»‹ch giao. pháº£n há»“i cháº­m. giÃ¡ hÆ¡i cao.
ban phim co chat luong rat tot. dong goi chac chan.,BÃ n phÃ­m cÆ¡ cháº¥t lÆ°á»£ng ráº¥t tá»‘t. Ä‘Ã³ng gÃ³i cháº¯c cháº¯n.
mÃ¡y lá»c khÃ´ng khÃ­ mÃ n hÃ¬nh xáº¥u. mÃ¬nh ráº¥t thÃ­ch. ğŸ’•,MÃ¡y lá»c khÃ´ng khÃ­ mÃ n hÃ¬nh xáº¥u. mÃ¬nh ráº¥t thÃ­ch.
may loc khong khi tuyet voi. giao hoi cham. phan hoi nhanh. gia hoi cao.,MÃ¡y lá»c khÃ´ng khÃ­ tuyá»‡t vá»i. giao hÆ¡i cháº­m. pháº£n há»“i nhanh. giÃ¡ hÆ¡i cao.
loa chat luong kem. phan hoi cham.,Loa cháº¥t lÆ°á»£ng kÃ©m. pháº£n há»“i cháº­m.
bÃ n phÃ­m cÆ¡ Ã¢m thanh rÃ¨. mk vl thÃ­ch.,BÃ n phÃ­m cÆ¡ Ã¢m thanh rÃ¨. mÃ¬nh ráº¥t thÃ­ch.
Loa khong nhu mo ta. phan hoi cham.,Loa khÃ´ng nhÆ° mÃ´ táº£. pháº£n há»“i cháº­m.
router wiâ€‘fi khong giá»‘ng hÃ¬nh. giao nhanh. pháº£n há»“i nhanh. $ hoi cao.,Router Wiâ€‘Fi khÃ´ng nhÆ° mÃ´ táº£. giao hÃ ng nhanh. pháº£n há»“i nhanh. giÃ¡ hÆ¡i cao.
mÃ n hÃ¬nh Ä‘Ã¡ng tháº¥t vá»ng. bá»‹ tre lá»‹ch giao. Ä‘Ã³ng gÃ³i sÆ¡ sÃ i.,MÃ n hÃ¬nh Ä‘Ã¡ng tháº¥t vá»ng. bá»‹ trá»… lá»‹ch giao. Ä‘Ã³ng gÃ³i sÆ¡ sÃ i.
Loa am thanh te. khong hai long.,Loa Ã¢m thanh tá»‡. khÃ´ng hÃ i lÃ²ng.
tai nghe pinn á»•n. giao hÃ ng chÃ­nh xÃ¡c háº¹n.,Tai nghe pin á»•n. giao hÃ ng Ä‘Ãºng háº¹n.
tai nghe am thanh á»•n. khÃ´ng Æ°ng bá»¥ng.,Tai nghe Ã¢m thanh á»•n. khÃ´ng hÃ i lÃ²ng.
Ban phim co dang that vong. giao hang dung hen. dong goi can than.,BÃ n phÃ­m cÆ¡ Ä‘Ã¡ng tháº¥t vá»ng. giao hÃ ng Ä‘Ãºng háº¹n. Ä‘Ã³ng gÃ³i cáº©n tháº­n.
san pham rat te. bi tre lich giao. dong goi can than.,Sáº£n pháº©m ráº¥t tá»‡. bá»‹ trá»… lá»‹ch giao. Ä‘Ã³ng gÃ³i cáº©n tháº­n.
laptop khÃ´ng giá»‘ng hÃ¬nh. bá»‹ trá»… lá»‹ch giao. dong goi cháº¯c cháº¯n.,Laptop khÃ´ng nhÆ° mÃ´ táº£. bá»‹ trá»… lá»‹ch giao. Ä‘Ã³ng gÃ³i cháº¯c cháº¯n.
San pham dung nhu mo ta. giao hang dung hen. dong goi so sai.,Sáº£n pháº©m Ä‘Ãºng nhÆ° mÃ´ táº£. giao hÃ ng Ä‘Ãºng háº¹n. Ä‘Ã³ng gÃ³i sÆ¡ sÃ i.
laptop that vong. ho tro nhiet tinh.,Laptop tháº¥t vá»ng. há»— trá»£ nhiá»‡t tÃ¬nh.
may loc khong khi dang tien. giao hang dung hen. phan hoi cham. gia hop ly.,MÃ¡y lá»c khÃ´ng khÃ­ Ä‘Ã¡ng tiá»n. giao hÃ ng Ä‘Ãºng háº¹n. pháº£n há»“i cháº­m. giÃ¡ há»£p lÃ½.
tai nghe that vong. gia dat.,Tai nghe tháº¥t vá»ng. giÃ¡ Ä‘áº¯t.
Man hinh rat te. kho lien he.,MÃ n hÃ¬nh ráº¥t tá»‡. khÃ³ liÃªn há»‡.
Ä‘iá»‡n thoáº¡i Ä‘Ã¡ng tiá»n. há»— trá»£ nhiá»‡t tÃ¬nh.,Äiá»‡n thoáº¡i Ä‘Ã¡ng tiá»n. há»— trá»£ nhiá»‡t tÃ¬nh.
Tai nghe battery yeu. bi tre lich giao.,Tai nghe pin yáº¿u. bá»‹ trá»… lá»‹ch giao.
pin du phong tuyet voi. bi tre lich giao. dong goi chac chan.,Pin dá»± phÃ²ng tuyá»‡t vá»i. bá»‹ trá»… lá»‹ch giao. Ä‘Ã³ng gÃ³i cháº¯c cháº¯n.
may loc khong khi do hoan thien cao. am thanh hay. man hinh on.,MÃ¡y lá»c khÃ´ng khÃ­ Ä‘á»™ hoÃ n thiá»‡n cao. Ã¢m thanh hay. mÃ n hÃ¬nh á»•n.
Man hinh battery on. giao hoi cham.,MÃ n hÃ¬nh pin á»•n. giao hÆ¡i cháº­m.
mÃ n hÃ¬nh xá»©ng Ä‘Ã¡ng vá»›i giÃ¡ tiá»n. Ä‘Ã³ng gÃ³i sÆ¡ sÃ i.,MÃ n hÃ¬nh xá»©ng Ä‘Ã¡ng vá»›i giÃ¡ tiá»n. Ä‘Ã³ng gÃ³i sÆ¡ sÃ i.
Loa chat luong rat tot. giao hoi cham. dong goi can than.,Loa cháº¥t lÆ°á»£ng ráº¥t tá»‘t. giao hÆ¡i cháº­m. Ä‘Ã³ng gÃ³i cáº©n tháº­n.
Ä‘iá»‡n thoáº¡i tháº¥t vá»ng. giao hÃ ng nhanh. Ä‘Ã³ng gÃ³i sÆ¡ sÃ i.,Äiá»‡n thoáº¡i tháº¥t vá»ng. giao hÃ ng nhanh. Ä‘Ã³ng gÃ³i sÆ¡ sÃ i.
Router Wiâ€‘Fi am thanh te. rat that vong.,Router Wiâ€‘Fi Ã¢m thanh tá»‡. ráº¥t tháº¥t vá»ng.
router wiâ€‘fi khong nhu mo ta. gia hop ly.,Router Wiâ€‘Fi khÃ´ng nhÆ° mÃ´ táº£. giÃ¡ há»£p lÃ½.
bÃ n phÃ­m cÆ¡ cháº¥t lÆ°á»£ng kÃ©m. pháº£n há»“i cháº­m. ğŸ¤®,BÃ n phÃ­m cÆ¡ cháº¥t lÆ°á»£ng kÃ©m. pháº£n há»“i cháº­m.
Loa rat te. dong goi can than.,Loa ráº¥t tá»‡. Ä‘Ã³ng gÃ³i cáº©n tháº­n.
san pham pinn tot. giao hang nhanh.,Sáº£n pháº©m pin tá»‘t. giao hÃ ng nhanh.
pin du phong man hinh on. minh rat thich.,Pin dá»± phÃ²ng mÃ n hÃ¬nh á»•n. mÃ¬nh ráº¥t thÃ­ch.
Man hinh xung dang voi gia tien. am thanh te. man hinh xau.,MÃ n hÃ¬nh xá»©ng Ä‘Ã¡ng vá»›i giÃ¡ tiá»n. Ã¢m thanh tá»‡. mÃ n hÃ¬nh xáº¥u.
loa Ä‘á»™ hoÃ n thiá»‡n cao. giao hÃ ng Ä‘Ãºng háº¹n. há»— trá»£ nhiá»‡t tÃ¬nh. giÃ¡ ráº».,Loa Ä‘á»™ hoÃ n thiá»‡n cao. giao hÃ ng Ä‘Ãºng háº¹n. há»— trá»£ nhiá»‡t tÃ¬nh. giÃ¡ ráº».
router wiâ€‘fi chat luong rat tot. giao hang dung hen. ho tro nhiet tinh. gia re.,Router Wiâ€‘Fi cháº¥t lÆ°á»£ng ráº¥t tá»‘t. giao hÃ ng Ä‘Ãºng háº¹n. há»— trá»£ nhiá»‡t tÃ¬nh. giÃ¡ ráº».
Dien thoai khong nhu mo ta. giao hang nhanh. dong goi so sai.,Äiá»‡n thoáº¡i khÃ´ng nhÆ° mÃ´ táº£. giao hÃ ng nhanh. Ä‘Ã³ng gÃ³i sÆ¡ sÃ i.
Man hinh chat luong kem. am thanh hay. man hinh dep.,MÃ n hÃ¬nh cháº¥t lÆ°á»£ng kÃ©m. Ã¢m thanh hay. mÃ n hÃ¬nh Ä‘áº¹p.
Pinn dá»± phÃ²ng xá»©ng Ä‘Ã¡ng vs $ tiá»n. Ä‘Ã³ng gÃ³i sÆ¡ sÃ i.,Pin dá»± phÃ²ng xá»©ng Ä‘Ã¡ng vá»›i giÃ¡ tiá»n. Ä‘Ã³ng gÃ³i sÆ¡ sÃ i.
tai nghe chat luong rat tot. bi tre lich giao. ho tro nhiet tinh. gia re.,Tai nghe cháº¥t lÆ°á»£ng ráº¥t tá»‘t. bá»‹ trá»… lá»‹ch giao. há»— trá»£ nhiá»‡t tÃ¬nh. giÃ¡ ráº».
pin du phong dang tien. giao hang nhanh. dong goi chac chan.,Pin dá»± phÃ²ng Ä‘Ã¡ng tiá»n. giao hÃ ng nhanh. Ä‘Ã³ng gÃ³i cháº¯c cháº¯n.
battery dá»± phÃ²ng xá»©ng Ä‘Ã¡ng w gia tiá»n. Ä‘Ã³ng gÃ³i cháº¯c cháº¯n.,Pin dá»± phÃ²ng xá»©ng Ä‘Ã¡ng vá»›i giÃ¡ tiá»n. Ä‘Ã³ng gÃ³i cháº¯c cháº¯n.
router wiâ€‘fi dang tien. am thanh re. man hinh on.,Router Wiâ€‘Fi Ä‘Ã¡ng tiá»n. Ã¢m thanh rÃ¨. mÃ n hÃ¬nh á»•n.
battery dá»± phÃ²ng mÃ n hÃ¬nh xáº¥u. cá»±c tháº¥t vá»ng.,Pin dá»± phÃ²ng mÃ n hÃ¬nh xáº¥u. ráº¥t tháº¥t vá»ng.
Tai nghe do hoan thien cao. dong goi chac chan.,Tai nghe Ä‘á»™ hoÃ n thiá»‡n cao. Ä‘Ã³ng gÃ³i cháº¯c cháº¯n.
tai nghe Ä‘á»™ hoÃ n thiá»‡n cao. giao hoi cháº­m. pháº£n há»“i cháº­m. $ hoi cao.,Tai nghe Ä‘á»™ hoÃ n thiá»‡n cao. giao hÆ¡i cháº­m. pháº£n há»“i cháº­m. giÃ¡ hÆ¡i cao.
Ban phim co am thanh re. minh rat thich.,BÃ n phÃ­m cÆ¡ Ã¢m thanh rÃ¨. mÃ¬nh ráº¥t thÃ­ch.
Ä‘iá»‡n thoáº¡i tháº¥t vá»ng. m vl thÃ­ch.,Äiá»‡n thoáº¡i tháº¥t vá»ng. mÃ¬nh ráº¥t thÃ­ch.
Laptop chat luong kem. dong goi can than.,Laptop cháº¥t lÆ°á»£ng kÃ©m. Ä‘Ã³ng gÃ³i cáº©n tháº­n.
loa dung nhu mo ta. dong goi so sai.,Loa Ä‘Ãºng nhÆ° mÃ´ táº£. Ä‘Ã³ng gÃ³i sÆ¡ sÃ i.
san pham chat luong kem. dong goi chac chan.,Sáº£n pháº©m cháº¥t lÆ°á»£ng kÃ©m. Ä‘Ã³ng gÃ³i cháº¯c cháº¯n.
tai nghe Ä‘á»‰nh. giÃ¡ Ä‘áº¯t.,Tai nghe tuyá»‡t vá»i. giÃ¡ Ä‘áº¯t.
Sáº£n pháº©m man hinh á»•n. siÃªu tháº¥t vá»ng.,Sáº£n pháº©m mÃ n hÃ¬nh á»•n. ráº¥t tháº¥t vá»ng.
laptop that vong. gia re.,Laptop tháº¥t vá»ng. giÃ¡ ráº».
tai nghe rat te. am thanh re. man hinh dep.,Tai nghe ráº¥t tá»‡. Ã¢m thanh rÃ¨. mÃ n hÃ¬nh Ä‘áº¹p.
tai nghe chat luong rat tot. am thanh hay. man hinh bi ho sang.,Tai nghe cháº¥t lÆ°á»£ng ráº¥t tá»‘t. Ã¢m thanh hay. mÃ n hÃ¬nh bá»‹ há»Ÿ sÃ¡ng.
Laptop that vong. dong goi chac chan.,Laptop tháº¥t vá»ng. Ä‘Ã³ng gÃ³i cháº¯c cháº¯n.
Tai nghe cháº¥t lÆ°á»£ng max tá»‘t. cá»±c tháº¥t vá»ng.,Tai nghe cháº¥t lÆ°á»£ng ráº¥t tá»‘t. ráº¥t tháº¥t vá»ng.
bÃ n phÃ­m cÆ¡ hok nhÆ° mÃ´ táº£. pháº£n há»“i nhanh.,BÃ n phÃ­m cÆ¡ khÃ´ng nhÆ° mÃ´ táº£. pháº£n há»“i nhanh.
router wiâ€‘fi man hinh dep. rat that vong.,Router Wiâ€‘Fi mÃ n hÃ¬nh Ä‘áº¹p. ráº¥t tháº¥t vá»ng.
Dien thoai khong nhu mo ta. am thanh re. man hinh xau.,Äiá»‡n thoáº¡i khÃ´ng nhÆ° mÃ´ táº£. Ã¢m thanh rÃ¨. mÃ n hÃ¬nh xáº¥u.
tai nghe rat te. phan hoi cham.,Tai nghe ráº¥t tá»‡. pháº£n há»“i cháº­m.
laptop dang that vong. dong goi can than.,Laptop Ä‘Ã¡ng tháº¥t vá»ng. Ä‘Ã³ng gÃ³i cáº©n tháº­n.
May loc khong khi khong nhu mo ta. giao hoi cham. ho tro nhiet tinh. gia hop ly.,MÃ¡y lá»c khÃ´ng khÃ­ khÃ´ng nhÆ° mÃ´ táº£. giao hÆ¡i cháº­m. há»— trá»£ nhiá»‡t tÃ¬nh. giÃ¡ há»£p lÃ½.
loa man hinh xau. minh rat thich.,Loa mÃ n hÃ¬nh xáº¥u. mÃ¬nh ráº¥t thÃ­ch.
Pin du phong do hoan thien cao. khong hai long.,Pin dá»± phÃ²ng Ä‘á»™ hoÃ n thiá»‡n cao. khÃ´ng hÃ i lÃ²ng.
san pham dang tien. dong goi so sai.,Sáº£n pháº©m Ä‘Ã¡ng tiá»n. Ä‘Ã³ng gÃ³i sÆ¡ sÃ i.
Man hinh rat te. gia dat.,MÃ n hÃ¬nh ráº¥t tá»‡. giÃ¡ Ä‘áº¯t.
loa do hoan thien cao. dong goi so sai.,Loa Ä‘á»™ hoÃ n thiá»‡n cao. Ä‘Ã³ng gÃ³i sÆ¡ sÃ i.
mÃ¡y lá»c ko khÃ­ chuan nhÆ° mÃ´ táº£. mik max thÃ­ch.,MÃ¡y lá»c khÃ´ng khÃ­ Ä‘Ãºng nhÆ° mÃ´ táº£. mÃ¬nh ráº¥t thÃ­ch.
Laptop mÃ n hÃ¬nh á»•n. mÃ¬nh ráº¥t thÃ­ch. ğŸ¤—,Laptop mÃ n hÃ¬nh á»•n. mÃ¬nh ráº¥t thÃ­ch.
sáº£n pháº©m xá»©ng Ä‘Ã¡ng w gia tiá»n. Ä‘Ã³ng gÃ³i cáº©n tháº­n.,Sáº£n pháº©m xá»©ng Ä‘Ã¡ng vá»›i giÃ¡ tiá»n. Ä‘Ã³ng gÃ³i cáº©n tháº­n.
man hinh that vong. am thanh re. man hinh dep.,MÃ n hÃ¬nh tháº¥t vá»ng. Ã¢m thanh rÃ¨. mÃ n hÃ¬nh Ä‘áº¹p.
Ä‘iá»‡n thoáº¡i Ã¢m thanh rÃ¨. ko hÃ i lÃ²ng. ğŸ¤—,Äiá»‡n thoáº¡i Ã¢m thanh rÃ¨. khÃ´ng hÃ i lÃ²ng.
MÃ¡y lá»c k khÃ­ Ä‘Ã¡ng tv. m cá»±c thÃ­ch.,MÃ¡y lá»c khÃ´ng khÃ­ Ä‘Ã¡ng tháº¥t vá»ng. mÃ¬nh ráº¥t thÃ­ch.
Pinn du phong dang that vong. gia re.,Pin dá»± phÃ²ng Ä‘Ã¡ng tháº¥t vá»ng. giÃ¡ ráº».
May loc khong khi man hinh on. kha hai long.,MÃ¡y lá»c khÃ´ng khÃ­ mÃ n hÃ¬nh á»•n. khÃ¡ hÃ i lÃ²ng.
ban phim co dang that vong. bi tre lich giao. phan hoi cham. gia dat.,BÃ n phÃ­m cÆ¡ Ä‘Ã¡ng tháº¥t vá»ng. bá»‹ trá»… lá»‹ch giao. pháº£n há»“i cháº­m. giÃ¡ Ä‘áº¯t.
ban phim co that vong. giao hoi cham. dong goi chac chan.,BÃ n phÃ­m cÆ¡ tháº¥t vá»ng. giao hÆ¡i cháº­m. Ä‘Ã³ng gÃ³i cháº¯c cháº¯n.
dien thoai rat te. giao hoi cham. dong goi can than.,Äiá»‡n thoáº¡i ráº¥t tá»‡. giao hÆ¡i cháº­m. Ä‘Ã³ng gÃ³i cáº©n tháº­n.
BÃ n phÃ­m cÆ¡ chÃ­nh xÃ¡c nhÆ° mÃ´ táº£. giao hoi cháº­m. pháº£n há»“i nhanh. gia hoi cao.,BÃ n phÃ­m cÆ¡ Ä‘Ãºng nhÆ° mÃ´ táº£. giao hÆ¡i cháº­m. pháº£n há»“i nhanh. giÃ¡ hÆ¡i cao.
Ban phim co tuyet voi. phan hoi cham.,BÃ n phÃ­m cÆ¡ tuyá»‡t vá»i. pháº£n há»“i cháº­m.
Pinn du phong tuyet voi. am thanh re. man hinh on.,Pin dá»± phÃ²ng tuyá»‡t vá»i. Ã¢m thanh rÃ¨. mÃ n hÃ¬nh á»•n.
tai nghe Ä‘Ã¡ng tiá»n. giao hÆ¡i cháº­m. pháº£n há»“i cháº­m. giÃ¡ há»£p lÃ½.,Tai nghe Ä‘Ã¡ng tiá»n. giao hÆ¡i cháº­m. pháº£n há»“i cháº­m. giÃ¡ há»£p lÃ½.
man hinh am thanh te. minh rat thich.,MÃ n hÃ¬nh Ã¢m thanh tá»‡. mÃ¬nh ráº¥t thÃ­ch.
San pham chat luong kem. kha hai long.,Sáº£n pháº©m cháº¥t lÆ°á»£ng kÃ©m. khÃ¡ hÃ i lÃ²ng.
San pham man hinh on. kha hai long.,Sáº£n pháº©m mÃ n hÃ¬nh á»•n. khÃ¡ hÃ i lÃ²ng.
Loa chat luong rat tot. giao hang nhanh. dong goi can than.,Loa cháº¥t lÆ°á»£ng ráº¥t tá»‘t. giao hÃ ng nhanh. Ä‘Ã³ng gÃ³i cáº©n tháº­n.
router wiâ€‘fi dang tien. giao hang nhanh. dong goi chac chan.,Router Wiâ€‘Fi Ä‘Ã¡ng tiá»n. giao hÃ ng nhanh. Ä‘Ã³ng gÃ³i cháº¯c cháº¯n.
May loc khong khi rat te. minh rat thich.,MÃ¡y lá»c khÃ´ng khÃ­ ráº¥t tá»‡. mÃ¬nh ráº¥t thÃ­ch.
Man hinh chat luong rat tot. am thanh on. man hinh on.,MÃ n hÃ¬nh cháº¥t lÆ°á»£ng ráº¥t tá»‘t. Ã¢m thanh á»•n. mÃ n hÃ¬nh á»•n.
router wiâ€‘fi tuyet voi. giao hoi cham. kho lien he. gia hop ly.,Router Wiâ€‘Fi tuyá»‡t vá»i. giao hÆ¡i cháº­m. khÃ³ liÃªn há»‡. giÃ¡ há»£p lÃ½.
Loa chat luong rat tot. kho lien he.,Loa cháº¥t lÆ°á»£ng ráº¥t tá»‘t. khÃ³ liÃªn há»‡.
loa Ä‘Ã¡ng tháº¥t vá»ng. giao hoi cháº­m. Ä‘Ã³ng gÃ³i cháº¯c cháº¯n.,Loa Ä‘Ã¡ng tháº¥t vá»ng. giao hÆ¡i cháº­m. Ä‘Ã³ng gÃ³i cháº¯c cháº¯n.
san pham dung nhu mo ta. giao hoi cham. kho lien he. gia re.,Sáº£n pháº©m Ä‘Ãºng nhÆ° mÃ´ táº£. giao hÆ¡i cháº­m. khÃ³ liÃªn há»‡. giÃ¡ ráº».
laptop pinn tá»¥t nhanh. bá»‹ trá»ƒ lá»‹ch giao.,Laptop pin tá»¥t nhanh. bá»‹ trá»… lá»‹ch giao.
MÃ n hÃ¬nh chuan nhÆ° mÃ´ táº£. Ã¢m thanh tá»‡. man hinh bá»‹ há»Ÿ sÃ¡ng.,MÃ n hÃ¬nh Ä‘Ãºng nhÆ° mÃ´ táº£. Ã¢m thanh tá»‡. mÃ n hÃ¬nh bá»‹ há»Ÿ sÃ¡ng.
Tai nghe chat luong rat tot. giao hang nhanh. dong goi so sai.,Tai nghe cháº¥t lÆ°á»£ng ráº¥t tá»‘t. giao hÃ ng nhanh. Ä‘Ã³ng gÃ³i sÆ¡ sÃ i.
tai nghe man hinh on. rat that vong.,Tai nghe mÃ n hÃ¬nh á»•n. ráº¥t tháº¥t vá»ng.
Man hinh xung dang voi gia tien. am thanh on. man hinh on.,MÃ n hÃ¬nh xá»©ng Ä‘Ã¡ng vá»›i giÃ¡ tiá»n. Ã¢m thanh á»•n. mÃ n hÃ¬nh á»•n.
Laptop xá»©ng Ä‘Ã¡ng vs $ tiá»n. giao hÃ ng chÃ­nh xÃ¡c háº¹n. há»— trá»£ nhiá»‡t tÃ¬nh. gia há»£p lÃ½.,Laptop xá»©ng Ä‘Ã¡ng vá»›i giÃ¡ tiá»n. giao hÃ ng Ä‘Ãºng háº¹n. há»— trá»£ nhiá»‡t tÃ¬nh. giÃ¡ há»£p lÃ½.
ban phim co chat luong kem. am thanh on. man hinh on.,BÃ n phÃ­m cÆ¡ cháº¥t lÆ°á»£ng kÃ©m. Ã¢m thanh á»•n. mÃ n hÃ¬nh á»•n.
loa chat luong rat tot. kha hai long.,Loa cháº¥t lÆ°á»£ng ráº¥t tá»‘t. khÃ¡ hÃ i lÃ²ng.
loa Ä‘t. gh chÃ­nh xÃ¡c háº¹n. khÃ³ liÃªn há»‡. gia Ä‘áº¯t.,Loa Ä‘Ã¡ng tiá»n. giao hÃ ng Ä‘Ãºng háº¹n. khÃ³ liÃªn há»‡. giÃ¡ Ä‘áº¯t.
MÃ n hÃ¬nh hÃ´ng giá»‘ng hÃ¬nh. $ ráº».,MÃ n hÃ¬nh khÃ´ng nhÆ° mÃ´ táº£. giÃ¡ ráº».
MÃ¡y lá»c hÃ´ng khÃ­ xá»©ng Ä‘Ã¡ng w $ tiá»n. max tv.,MÃ¡y lá»c khÃ´ng khÃ­ xá»©ng Ä‘Ã¡ng vá»›i giÃ¡ tiá»n. ráº¥t tháº¥t vá»ng.
man hinh am thanh on. khong hai long.,MÃ n hÃ¬nh Ã¢m thanh á»•n. khÃ´ng hÃ i lÃ²ng.
battery du phong man hinh on. khong hai long.,Pin dá»± phÃ²ng mÃ n hÃ¬nh á»•n. khÃ´ng hÃ i lÃ²ng.
Battery du phong that vong. giao hang nhanh. dong goi chac chan.,Pin dá»± phÃ²ng tháº¥t vá»ng. giao hÃ ng nhanh. Ä‘Ã³ng gÃ³i cháº¯c cháº¯n.
may loc khong khi chat luong kem. am thanh hay. man hinh xau.,MÃ¡y lá»c khÃ´ng khÃ­ cháº¥t lÆ°á»£ng kÃ©m. Ã¢m thanh hay. mÃ n hÃ¬nh xáº¥u.
Pin du phong pin tut nhanh. giao hoi cham.,Pin dá»± phÃ²ng pin tá»¥t nhanh. giao hÆ¡i cháº­m.
may loc khong khi tuyet voi. giao hang nhanh. dong goi chac chan.,MÃ¡y lá»c khÃ´ng khÃ­ tuyá»‡t vá»i. giao hÃ ng nhanh. Ä‘Ã³ng gÃ³i cháº¯c cháº¯n.
Loa pin tut nhanh. giao hang dung hen.,Loa pin tá»¥t nhanh. giao hÃ ng Ä‘Ãºng háº¹n.
dien thoai dang that vong. dong goi so sai.,Äiá»‡n thoáº¡i Ä‘Ã¡ng tháº¥t vá»ng. Ä‘Ã³ng gÃ³i sÆ¡ sÃ i.
May loc khong khi tuyet voi. rat that vong.,MÃ¡y lá»c khÃ´ng khÃ­ tuyá»‡t vá»i. ráº¥t tháº¥t vá»ng.
MÃ¡y lá»c hÃ´ng khÃ­ mÃ n hÃ¬nh Ä‘áº¹p. rat tháº¥t vá»ng. ğŸ˜”,MÃ¡y lá»c khÃ´ng khÃ­ mÃ n hÃ¬nh Ä‘áº¹p. ráº¥t tháº¥t vá»ng.
tai nghe battery tut nhanh. bi tre lich giao.,Tai nghe pin tá»¥t nhanh. bá»‹ trá»… lá»‹ch giao.
Router Wiâ€‘Fi tháº¥t vá»ng. khÃ´ng hÃ i lÃ²ng. ğŸ’–,Router Wiâ€‘Fi tháº¥t vá»ng. khÃ´ng hÃ i lÃ²ng.
ban phim co chat luong rat tot. giao hang nhanh. phan hoi cham. gia hoi cao.,BÃ n phÃ­m cÆ¡ cháº¥t lÆ°á»£ng ráº¥t tá»‘t. giao hÃ ng nhanh. pháº£n há»“i cháº­m. giÃ¡ hÆ¡i cao.
May loc khong khi man hinh dep. minh rat thich.,MÃ¡y lá»c khÃ´ng khÃ­ mÃ n hÃ¬nh Ä‘áº¹p. mÃ¬nh ráº¥t thÃ­ch.
Router Wiâ€‘Fi xung dang voi gia tien. phan hoi cham.,Router Wiâ€‘Fi xá»©ng Ä‘Ã¡ng vá»›i giÃ¡ tiá»n. pháº£n há»“i cháº­m.
Man hinh khong nhu mo ta. bi tre lich giao. dong goi can than.,MÃ n hÃ¬nh khÃ´ng nhÆ° mÃ´ táº£. bá»‹ trá»… lá»‹ch giao. Ä‘Ã³ng gÃ³i cáº©n tháº­n.
Router Wiâ€‘Fi dang tien. dong goi chac chan.,Router Wiâ€‘Fi Ä‘Ã¡ng tiá»n. Ä‘Ã³ng gÃ³i cháº¯c cháº¯n.
router wiâ€‘fi tuyet voi. giao hang dung hen. dong goi chac chan.,Router Wiâ€‘Fi tuyá»‡t vá»i. giao hÃ ng Ä‘Ãºng háº¹n. Ä‘Ã³ng gÃ³i cháº¯c cháº¯n.
router wiâ€‘fi Ä‘Ãºng nhÆ° mÃ´ táº£. giao hÃ ng Ä‘Ãºng háº¹n. Ä‘Ã³ng gÃ³i cáº©n tháº­n.,Router Wiâ€‘Fi Ä‘Ãºng nhÆ° mÃ´ táº£. giao hÃ ng Ä‘Ãºng háº¹n. Ä‘Ã³ng gÃ³i cáº©n tháº­n.
Ban phim co am thanh re. rat that vong.,BÃ n phÃ­m cÆ¡ Ã¢m thanh rÃ¨. ráº¥t tháº¥t vá»ng.
Tai nghe battery á»•n. giao hÃ ng chuan háº¹n.,Tai nghe pin á»•n. giao hÃ ng Ä‘Ãºng háº¹n.
sáº£n pháº©m tuyá»‡t vá»i. khÃ³ liÃªn há»‡.,Sáº£n pháº©m tuyá»‡t vá»i. khÃ³ liÃªn há»‡.
Laptop do hoan thien cao. giao hang nhanh. phan hoi nhanh. gia re.,Laptop Ä‘á»™ hoÃ n thiá»‡n cao. giao hÃ ng nhanh. pháº£n há»“i nhanh. giÃ¡ ráº».
Man hinh tuyet voi. bi tre lich giao. dong goi chac chan.,MÃ n hÃ¬nh tuyá»‡t vá»i. bá»‹ trá»… lá»‹ch giao. Ä‘Ã³ng gÃ³i cháº¯c cháº¯n.
battery du phong dung nhu mo ta. dong goi can than.,Pin dá»± phÃ²ng Ä‘Ãºng nhÆ° mÃ´ táº£. Ä‘Ã³ng gÃ³i cáº©n tháº­n.
router wiâ€‘fi Ã¢m thanh rÃ¨. khong hÃ i lÃ²ng.,Router Wiâ€‘Fi Ã¢m thanh rÃ¨. khÃ´ng hÃ i lÃ²ng.
san pham man hinh on. khong hai long.,Sáº£n pháº©m mÃ n hÃ¬nh á»•n. khÃ´ng hÃ i lÃ²ng.
san pham khong nhu mo ta. giao hang dung hen. ho tro nhiet tinh. gia dat.,Sáº£n pháº©m khÃ´ng nhÆ° mÃ´ táº£. giao hÃ ng Ä‘Ãºng háº¹n. há»— trá»£ nhiá»‡t tÃ¬nh. giÃ¡ Ä‘áº¯t.
Man hinh dang tien. am thanh re. man hinh dep.,MÃ n hÃ¬nh Ä‘Ã¡ng tiá»n. Ã¢m thanh rÃ¨. mÃ n hÃ¬nh Ä‘áº¹p.
Loa dang tien. gia re.,Loa Ä‘Ã¡ng tiá»n. giÃ¡ ráº».
bÃ n phÃ­m cÆ¡ Ä‘á»™ hoÃ n thiá»‡n cao. Ã¢m thanh tá»‡. mh á»•n. ğŸ’”,BÃ n phÃ­m cÆ¡ Ä‘á»™ hoÃ n thiá»‡n cao. Ã¢m thanh tá»‡. mÃ n hÃ¬nh á»•n.
MÃ¡y lá»c hong khÃ­ tháº¥t vá»ng. bá»‹ tre lá»‹ch giao. khÃ³ liÃªn há»‡. gia Ä‘áº¯t. ğŸ˜¡,MÃ¡y lá»c khÃ´ng khÃ­ tháº¥t vá»ng. bá»‹ trá»… lá»‹ch giao. khÃ³ liÃªn há»‡. giÃ¡ Ä‘áº¯t.
man hinh rat te. dong goi can than.,MÃ n hÃ¬nh ráº¥t tá»‡. Ä‘Ã³ng gÃ³i cáº©n tháº­n.
Man hinh man hinh on. minh rat thich.,MÃ n hÃ¬nh mÃ n hÃ¬nh á»•n. mÃ¬nh ráº¥t thÃ­ch.
router wiâ€‘fi dang tien. dong goi can than.,Router Wiâ€‘Fi Ä‘Ã¡ng tiá»n. Ä‘Ã³ng gÃ³i cáº©n tháº­n.
MÃ n hÃ¬nh pinn tá»¥t nhanh. giao hoi cháº­m.,MÃ n hÃ¬nh pin tá»¥t nhanh. giao hÆ¡i cháº­m.
san pham man hinh dep. rat that vong.,Sáº£n pháº©m mÃ n hÃ¬nh Ä‘áº¹p. ráº¥t tháº¥t vá»ng.
mÃ n hÃ¬nh Ä‘Ã¡ng tiá»n. Ä‘Ã³ng gÃ³i sÆ¡ sÃ i.,MÃ n hÃ¬nh Ä‘Ã¡ng tiá»n. Ä‘Ã³ng gÃ³i sÆ¡ sÃ i.
ban phim co pinn on. giao hoi cham.,BÃ n phÃ­m cÆ¡ pin á»•n. giao hÆ¡i cháº­m.
Battery dá»± phÃ²ng cháº¥t lÆ°á»£ng kÃ©m. $ há»£p lÃ½.,Pin dá»± phÃ²ng cháº¥t lÆ°á»£ng kÃ©m. giÃ¡ há»£p lÃ½.
ban phim co chat luong kem. kha hai long.,BÃ n phÃ­m cÆ¡ cháº¥t lÆ°á»£ng kÃ©m. khÃ¡ hÃ i lÃ²ng.
BÃ n phÃ­m cÆ¡ Ä‘Ã¡ng tháº¥t vá»ng. giao hÃ ng chuáº©n háº¹n. Ä‘Ã³ng gÃ³i cáº©n tháº­n. ğŸ¥µ,BÃ n phÃ­m cÆ¡ Ä‘Ã¡ng tháº¥t vá»ng. giao hÃ ng Ä‘Ãºng háº¹n. Ä‘Ã³ng gÃ³i cáº©n tháº­n.
dien thoai dang that vong. bi tre lich giao. phan hoi nhanh. gia hoi cao.,Äiá»‡n thoáº¡i Ä‘Ã¡ng tháº¥t vá»ng. bá»‹ trá»… lá»‹ch giao. pháº£n há»“i nhanh. giÃ¡ hÆ¡i cao.
mÃ¡y lá»c hong khÃ­ xá»©ng Ä‘Ã¡ng vs gia tiá»n. giao hÃ ng nhanh. há»— trá»£ nhiá»‡t tÃ¬nh. $ hoi cao.,MÃ¡y lá»c khÃ´ng khÃ­ xá»©ng Ä‘Ã¡ng vá»›i giÃ¡ tiá»n. giao hÃ ng nhanh. há»— trá»£ nhiá»‡t tÃ¬nh. giÃ¡ hÆ¡i cao.
sáº£n pháº©m Ä‘Ãºng nhÆ° mÃ´ táº£. giÃ¡ hÆ¡i cao.,Sáº£n pháº©m Ä‘Ãºng nhÆ° mÃ´ táº£. giÃ¡ hÆ¡i cao.
mÃ n hÃ¬nh xá»©ng Ä‘Ã¡ng vá»›i giÃ¡ tiá»n. há»— trá»£ nhiá»‡t tÃ¬nh.,MÃ n hÃ¬nh xá»©ng Ä‘Ã¡ng vá»›i giÃ¡ tiá»n. há»— trá»£ nhiá»‡t tÃ¬nh.
Loa pin on. giao hang dung hen.,Loa pin á»•n. giao hÃ ng Ä‘Ãºng háº¹n.
tai nghe tuyá»‡t vá»i. pháº£n há»“i nhanh. ğŸ˜„,Tai nghe tuyá»‡t vá»i. pháº£n há»“i nhanh.
mÃ n hÃ¬nh Ä‘á»™ hoÃ n thiá»‡n cao. khÃ³ liÃªn há»‡.,MÃ n hÃ¬nh Ä‘á»™ hoÃ n thiá»‡n cao. khÃ³ liÃªn há»‡.
loa mÃ£i Ä‘á»‰nh. am thanh hay. mh xáº¥u. âœ¨,Loa tuyá»‡t vá»i. Ã¢m thanh hay. mÃ n hÃ¬nh xáº¥u.
Tai nghe rat tá»‡. khÃ³ liÃªn há»‡.,Tai nghe ráº¥t tá»‡. khÃ³ liÃªn há»‡.
Ä‘iá»‡n thoáº¡i mÃ n hÃ¬nh bá»‹ há»Ÿ sÃ¡ng. khÃ¡ hÃ i lÃ²ng.,Äiá»‡n thoáº¡i mÃ n hÃ¬nh bá»‹ há»Ÿ sÃ¡ng. khÃ¡ hÃ i lÃ²ng.
May loc khong khi dang tien. dong goi so sai.,MÃ¡y lá»c khÃ´ng khÃ­ Ä‘Ã¡ng tiá»n. Ä‘Ã³ng gÃ³i sÆ¡ sÃ i.
loa pin tut nhanh. giao hang nhanh.,Loa pin tá»¥t nhanh. giao hÃ ng nhanh.
san pham battery yeu. giao hoi cham.,Sáº£n pháº©m pin yáº¿u. giao hÆ¡i cháº­m.
laptop khong nhu mo ta. am thanh re. man hinh bi ho sang.,Laptop khÃ´ng nhÆ° mÃ´ táº£. Ã¢m thanh rÃ¨. mÃ n hÃ¬nh bá»‹ há»Ÿ sÃ¡ng.
Tai nghe do hoan thien cao. phan hoi nhanh.,Tai nghe Ä‘á»™ hoÃ n thiá»‡n cao. pháº£n há»“i nhanh.
tai nghe Ã¢m thanh á»•n. cá»±c fail.,Tai nghe Ã¢m thanh á»•n. ráº¥t tháº¥t vá»ng.
dien thoai man hinh dep. kha hai long.,Äiá»‡n thoáº¡i mÃ n hÃ¬nh Ä‘áº¹p. khÃ¡ hÃ i lÃ²ng.
May loc khong khi dang that vong. rat that vong.,MÃ¡y lá»c khÃ´ng khÃ­ Ä‘Ã¡ng tháº¥t vá»ng. ráº¥t tháº¥t vá»ng.
May loc khong khi that vong. gia dat.,MÃ¡y lá»c khÃ´ng khÃ­ tháº¥t vá»ng. giÃ¡ Ä‘áº¯t.
BÃ n phÃ­m cÆ¡ chÃ­nh xÃ¡c nhÆ° mÃ´ táº£. Ä‘Ã³ng gÃ³i sÆ¡ sÃ i.,BÃ n phÃ­m cÆ¡ Ä‘Ãºng nhÆ° mÃ´ táº£. Ä‘Ã³ng gÃ³i sÆ¡ sÃ i.
Tai nghe man hinh on. minh rat thich.,Tai nghe mÃ n hÃ¬nh á»•n. mÃ¬nh ráº¥t thÃ­ch.
Router Wiâ€‘Fi Ã¢m thanh rÃ¨. ráº¥t tháº¥t vá»ng. ğŸ¤¢,Router Wiâ€‘Fi Ã¢m thanh rÃ¨. ráº¥t tháº¥t vá»ng.
Router Wiâ€‘Fi xá»©ng Ä‘Ã¡ng vs gia tiá»n. giao hÃ ng chuáº©n háº¹n. Ä‘Ã³ng gÃ³i sÆ¡ sÃ i.,Router Wiâ€‘Fi xá»©ng Ä‘Ã¡ng vá»›i giÃ¡ tiá»n. giao hÃ ng Ä‘Ãºng háº¹n. Ä‘Ã³ng gÃ³i sÆ¡ sÃ i.
dien thoai xung dang voi gia tien. dong goi so sai.,Äiá»‡n thoáº¡i xá»©ng Ä‘Ã¡ng vá»›i giÃ¡ tiá»n. Ä‘Ã³ng gÃ³i sÆ¡ sÃ i.
Man hinh man hinh on. khong hai long.,MÃ n hÃ¬nh mÃ n hÃ¬nh á»•n. khÃ´ng hÃ i lÃ²ng.
dien thoai battery tot. bi tre lich giao.,Äiá»‡n thoáº¡i pin tá»‘t. bá»‹ trá»… lá»‹ch giao.
tai nghe pinn tá»¥t nhanh. bá»‹ trá»ƒ lá»‹ch giao.,Tai nghe pin tá»¥t nhanh. bá»‹ trá»… lá»‹ch giao.
tai nghe tuyá»‡t vá»i. bá»‹ tre lá»‹ch giao. pháº£n há»“i nhanh. gia ráº». ğŸ‰,Tai nghe tuyá»‡t vá»i. bá»‹ trá»… lá»‹ch giao. pháº£n há»“i nhanh. giÃ¡ ráº».
Battery dá»± phÃ²ng Ã¢m thanh tá»‡. ko hÃ i lÃ²ng.,Pin dá»± phÃ²ng Ã¢m thanh tá»‡. khÃ´ng hÃ i lÃ²ng.
mÃ¡y lá»c khÃ´ng khÃ­ tháº¥t vá»ng. giÃ¡ ráº». ğŸ˜–,MÃ¡y lá»c khÃ´ng khÃ­ tháº¥t vá»ng. giÃ¡ ráº».
Pinn dá»± phÃ²ng mÃ n hÃ¬nh bá»‹ há»Ÿ sÃ¡ng. siÃªu tháº¥t vá»ng.,Pin dá»± phÃ²ng mÃ n hÃ¬nh bá»‹ há»Ÿ sÃ¡ng. ráº¥t tháº¥t vá»ng.
loa man hinh bi ho sang. minh rat thich.,Loa mÃ n hÃ¬nh bá»‹ há»Ÿ sÃ¡ng. mÃ¬nh ráº¥t thÃ­ch.
bÃ n phÃ­m cÆ¡ cháº¥t lÆ°á»£ng ráº¥t tá»‘t. giÃ¡ Ä‘áº¯t. ğŸ’¯,BÃ n phÃ­m cÆ¡ cháº¥t lÆ°á»£ng ráº¥t tá»‘t. giÃ¡ Ä‘áº¯t.
laptop dang tien. am thanh hay. man hinh on.,Laptop Ä‘Ã¡ng tiá»n. Ã¢m thanh hay. mÃ n hÃ¬nh á»•n.
Man hinh that vong. dong goi so sai.,MÃ n hÃ¬nh tháº¥t vá»ng. Ä‘Ã³ng gÃ³i sÆ¡ sÃ i.
pinn du phong am thanh on. kha hai long.,Pin dá»± phÃ²ng Ã¢m thanh á»•n. khÃ¡ hÃ i lÃ²ng.
loa battery á»•n. giao hÃ ng chuan háº¹n.,Loa pin á»•n. giao hÃ ng Ä‘Ãºng háº¹n.
dien thoai tuyet voi. kho lien he.,Äiá»‡n thoáº¡i tuyá»‡t vá»i. khÃ³ liÃªn há»‡.
tai nghe Ä‘á»™ hoÃ n thiá»‡n cao. pháº£n há»“i cháº­m.,Tai nghe Ä‘á»™ hoÃ n thiá»‡n cao. pháº£n há»“i cháº­m.
man hinh xung dang voi gia tien. khong hai long.,MÃ n hÃ¬nh xá»©ng Ä‘Ã¡ng vá»›i giÃ¡ tiá»n. khÃ´ng hÃ i lÃ²ng.
loa am thanh te. rat that vong.,Loa Ã¢m thanh tá»‡. ráº¥t tháº¥t vá»ng.
MÃ¡y lá»c hong khÃ­ cháº¥t lÆ°á»£ng kÃ©m. dong goi cháº¯c cháº¯n.,MÃ¡y lá»c khÃ´ng khÃ­ cháº¥t lÆ°á»£ng kÃ©m. Ä‘Ã³ng gÃ³i cháº¯c cháº¯n.
router wiâ€‘fi tháº¥t vá»ng. mÃ¬nh ráº¥t thÃ­ch.,Router Wiâ€‘Fi tháº¥t vá»ng. mÃ¬nh ráº¥t thÃ­ch.
mÃ n hÃ¬nh vl tá»‡. cá»±c tháº¥t vá»ng. ğŸ¥¶,MÃ n hÃ¬nh ráº¥t tá»‡. ráº¥t tháº¥t vá»ng.
router wiâ€‘fi clg rat tá»‘t. bá»‹ trá»ƒ lá»‹ch giao. pack sÆ¡ sÃ i.,Router Wiâ€‘Fi cháº¥t lÆ°á»£ng ráº¥t tá»‘t. bá»‹ trá»… lá»‹ch giao. Ä‘Ã³ng gÃ³i sÆ¡ sÃ i.
laptop am thanh re. minh rat thich.,Laptop Ã¢m thanh rÃ¨. mÃ¬nh ráº¥t thÃ­ch.
may loc khong khi that vong. ho tro nhiet tinh.,MÃ¡y lá»c khÃ´ng khÃ­ tháº¥t vá»ng. há»— trá»£ nhiá»‡t tÃ¬nh.
Dien thoai dang that vong. gia hop ly.,Äiá»‡n thoáº¡i Ä‘Ã¡ng tháº¥t vá»ng. giÃ¡ há»£p lÃ½.
Loa dang that vong. giao hoi cham. kho lien he. gia hoi cao.,Loa Ä‘Ã¡ng tháº¥t vá»ng. giao hÆ¡i cháº­m. khÃ³ liÃªn há»‡. giÃ¡ hÆ¡i cao.
Ban phim co man hinh bi ho sang. kha hai long.,BÃ n phÃ­m cÆ¡ mÃ n hÃ¬nh bá»‹ há»Ÿ sÃ¡ng. khÃ¡ hÃ i lÃ²ng.
dien thoai am thanh on. rat that vong.,Äiá»‡n thoáº¡i Ã¢m thanh á»•n. ráº¥t tháº¥t vá»ng.
May loc khong khi dang tien. gia hop ly.,MÃ¡y lá»c khÃ´ng khÃ­ Ä‘Ã¡ng tiá»n. giÃ¡ há»£p lÃ½.
pin du phong dung nhu mo ta. gia re.,Pin dá»± phÃ²ng Ä‘Ãºng nhÆ° mÃ´ táº£. giÃ¡ ráº».
router wiâ€‘fi tuyet voi. gia re.,Router Wiâ€‘Fi tuyá»‡t vá»i. giÃ¡ ráº».
Router Wiâ€‘Fi battery on. bi tre lich giao.,Router Wiâ€‘Fi pin á»•n. bá»‹ trá»… lá»‹ch giao.
Laptop dung nhu mo ta. giao hang nhanh. ho tro nhiet tinh. gia hop ly.,Laptop Ä‘Ãºng nhÆ° mÃ´ táº£. giao hÃ ng nhanh. há»— trá»£ nhiá»‡t tÃ¬nh. giÃ¡ há»£p lÃ½.
pinn dá»± phÃ²ng cháº¥t lÆ°á»£ng kÃ©m. giao hÃ ng nhanh. Ä‘Ã³ng gÃ³i cáº©n tháº­n.,Pin dá»± phÃ²ng cháº¥t lÆ°á»£ng kÃ©m. giao hÃ ng nhanh. Ä‘Ã³ng gÃ³i cáº©n tháº­n.
laptop Ä‘Ã¡ng tháº¥t vá»ng. Ä‘Ã³ng gÃ³i cáº©n tháº­n. ğŸ˜¡,Laptop Ä‘Ã¡ng tháº¥t vá»ng. Ä‘Ã³ng gÃ³i cáº©n tháº­n.
Battery dá»± phÃ²ng battery yáº¿u. giao hoi cháº­m.,Pin dá»± phÃ²ng pin yáº¿u. giao hÆ¡i cháº­m.
Loa khong nhu mo ta. rat that vong.,Loa khÃ´ng nhÆ° mÃ´ táº£. ráº¥t tháº¥t vá»ng.
man hinh man hinh dep. minh rat thich.,MÃ n hÃ¬nh mÃ n hÃ¬nh Ä‘áº¹p. mÃ¬nh ráº¥t thÃ­ch.
man hinh do hoan thien cao. kho lien he.,MÃ n hÃ¬nh Ä‘á»™ hoÃ n thiá»‡n cao. khÃ³ liÃªn há»‡.
Tai nghe dung nhu mo ta. giao hang nhanh. dong goi can than.,Tai nghe Ä‘Ãºng nhÆ° mÃ´ táº£. giao hÃ ng nhanh. Ä‘Ã³ng gÃ³i cáº©n tháº­n.
Dien thoai dung nhu mo ta. bi tre lich giao. dong goi can than.,Äiá»‡n thoáº¡i Ä‘Ãºng nhÆ° mÃ´ táº£. bá»‹ trá»… lá»‹ch giao. Ä‘Ã³ng gÃ³i cáº©n tháº­n.
loa pin yáº¿u. giao nhanh.,Loa pin yáº¿u. giao hÃ ng nhanh.
Ä‘iá»‡n thoáº¡i pin á»•n. giao hÆ¡i cháº­m.,Äiá»‡n thoáº¡i pin á»•n. giao hÆ¡i cháº­m.
Router Wiâ€‘Fi man hinh on. rat that vong.,Router Wiâ€‘Fi mÃ n hÃ¬nh á»•n. ráº¥t tháº¥t vá»ng.
dien thoai chat luong kem. giao hoi cham. dong goi so sai.,Äiá»‡n thoáº¡i cháº¥t lÆ°á»£ng kÃ©m. giao hÆ¡i cháº­m. Ä‘Ã³ng gÃ³i sÆ¡ sÃ i.
battery dá»± phÃ²ng Ã¢m thanh rÃ¨. khÃ¡ hl.,Pin dá»± phÃ²ng Ã¢m thanh rÃ¨. khÃ¡ hÃ i lÃ²ng.
Ä‘iá»‡n thoáº¡i xá»©ng Ä‘Ã¡ng vá»›i giÃ¡ tiá»n. audio tá»‡. mÃ n hÃ¬nh á»•n.,Äiá»‡n thoáº¡i xá»©ng Ä‘Ã¡ng vá»›i giÃ¡ tiá»n. Ã¢m thanh tá»‡. mÃ n hÃ¬nh á»•n.
Router Wiâ€‘Fi man hinh xau. minh rat thich.,Router Wiâ€‘Fi mÃ n hÃ¬nh xáº¥u. mÃ¬nh ráº¥t thÃ­ch.
Dien thoai rat te. am thanh hay. man hinh on.,Äiá»‡n thoáº¡i ráº¥t tá»‡. Ã¢m thanh hay. mÃ n hÃ¬nh á»•n.
laptop rat te. phan hoi cham.,Laptop ráº¥t tá»‡. pháº£n há»“i cháº­m.
Router Wiâ€‘Fi dung nhu mo ta. phan hoi nhanh.,Router Wiâ€‘Fi Ä‘Ãºng nhÆ° mÃ´ táº£. pháº£n há»“i nhanh.
tai nghe dang that vong. gia hop ly.,Tai nghe Ä‘Ã¡ng tháº¥t vá»ng. giÃ¡ há»£p lÃ½.
tai nghe rat te. dong goi so sai.,Tai nghe ráº¥t tá»‡. Ä‘Ã³ng gÃ³i sÆ¡ sÃ i.
Tai nghe khong nhu mo ta. am thanh hay. man hinh xau.,Tai nghe khÃ´ng nhÆ° mÃ´ táº£. Ã¢m thanh hay. mÃ n hÃ¬nh xáº¥u.
San pham khong nhu mo ta. phan hoi nhanh.,Sáº£n pháº©m khÃ´ng nhÆ° mÃ´ táº£. pháº£n há»“i nhanh.
man hinh tuyet voi. ho tro nhiet tinh.,MÃ n hÃ¬nh tuyá»‡t vá»i. há»— trá»£ nhiá»‡t tÃ¬nh.
battery dá»± phÃ²ng Ã¢m thanh rÃ¨. mk cá»±c thÃ­ch.,Pin dá»± phÃ²ng Ã¢m thanh rÃ¨. mÃ¬nh ráº¥t thÃ­ch.
mÃ n hÃ¬nh hok nhÆ° mÃ´ táº£. giao hÃ ng nhanh. pháº£n há»“i cháº­m. $ hoi cao.,MÃ n hÃ¬nh khÃ´ng nhÆ° mÃ´ táº£. giao hÃ ng nhanh. pháº£n há»“i cháº­m. giÃ¡ hÆ¡i cao.
san pham dang that vong. am thanh te. man hinh on.,Sáº£n pháº©m Ä‘Ã¡ng tháº¥t vá»ng. Ã¢m thanh tá»‡. mÃ n hÃ¬nh á»•n.
ban phim co rat te. giao hang nhanh. dong goi so sai.,BÃ n phÃ­m cÆ¡ ráº¥t tá»‡. giao hÃ ng nhanh. Ä‘Ã³ng gÃ³i sÆ¡ sÃ i.
Dien thoai khong nhu mo ta. gia re.,Äiá»‡n thoáº¡i khÃ´ng nhÆ° mÃ´ táº£. giÃ¡ ráº».
mÃ¡y lá»c ko khÃ­ hong giá»‘ng hÃ¬nh. khÃ¡ hl.,MÃ¡y lá»c khÃ´ng khÃ­ khÃ´ng nhÆ° mÃ´ táº£. khÃ¡ hÃ i lÃ²ng.
pin du phong chat luong rat tot. giao hoi cham. phan hoi nhanh. gia dat.,Pin dá»± phÃ²ng cháº¥t lÆ°á»£ng ráº¥t tá»‘t. giao hÆ¡i cháº­m. pháº£n há»“i nhanh. giÃ¡ Ä‘áº¯t.
pin du phong chat luong kem. gia hop ly.,Pin dá»± phÃ²ng cháº¥t lÆ°á»£ng kÃ©m. giÃ¡ há»£p lÃ½.
loa xá»©ng Ä‘Ã¡ng vá»›i giÃ¡ tiá»n. khÃ´ng hÃ i lÃ²ng.,Loa xá»©ng Ä‘Ã¡ng vá»›i giÃ¡ tiá»n. khÃ´ng hÃ i lÃ²ng.
MÃ n hÃ¬nh Ä‘á»™ hoÃ n thiá»‡n cao. mk rat thÃ­ch.,MÃ n hÃ¬nh Ä‘á»™ hoÃ n thiá»‡n cao. mÃ¬nh ráº¥t thÃ­ch.
Tai nghe rat te. kha hai long.,Tai nghe ráº¥t tá»‡. khÃ¡ hÃ i lÃ²ng.
loa tháº¥t vá»ng. giao hÃ ng chÃ­nh xÃ¡c háº¹n. Ä‘Ã³ng gÃ³i cháº¯c cháº¯n. ğŸ˜”,Loa tháº¥t vá»ng. giao hÃ ng Ä‘Ãºng háº¹n. Ä‘Ã³ng gÃ³i cháº¯c cháº¯n.
San pham man hinh bi ho sang. kha hai long.,Sáº£n pháº©m mÃ n hÃ¬nh bá»‹ há»Ÿ sÃ¡ng. khÃ¡ hÃ i lÃ²ng.
Router Wiâ€‘Fi xung dang voi gia tien. giao hang dung hen. ho tro nhiet tinh. gia hop ly.,Router Wiâ€‘Fi xá»©ng Ä‘Ã¡ng vá»›i giÃ¡ tiá»n. giao hÃ ng Ä‘Ãºng háº¹n. há»— trá»£ nhiá»‡t tÃ¬nh. giÃ¡ há»£p lÃ½.
may loc khong khi rat te. giao hang nhanh. dong goi so sai.,MÃ¡y lá»c khÃ´ng khÃ­ ráº¥t tá»‡. giao hÃ ng nhanh. Ä‘Ã³ng gÃ³i sÆ¡ sÃ i.
mÃ¡y lá»c hÃ´ng khÃ­ chuan nhÆ° mÃ´ táº£. siÃªu tháº¥t vá»ng. ğŸ¤¬,MÃ¡y lá»c khÃ´ng khÃ­ Ä‘Ãºng nhÆ° mÃ´ táº£. ráº¥t tháº¥t vá»ng.
dien thoai dang that vong. gia dat.,Äiá»‡n thoáº¡i Ä‘Ã¡ng tháº¥t vá»ng. giÃ¡ Ä‘áº¯t.
May loc khong khi man hinh bi ho sang. minh rat thich.,MÃ¡y lá»c khÃ´ng khÃ­ mÃ n hÃ¬nh bá»‹ há»Ÿ sÃ¡ng. mÃ¬nh ráº¥t thÃ­ch.
loa chuan nhÆ° mÃ´ táº£. bá»‹ trá»ƒ lá»‹ch giao. pháº£n há»“i cháº­m. gia há»£p lÃ½.,Loa Ä‘Ãºng nhÆ° mÃ´ táº£. bá»‹ trá»… lá»‹ch giao. pháº£n há»“i cháº­m. giÃ¡ há»£p lÃ½.
May loc khong khi pin yeu. giao hang nhanh.,MÃ¡y lá»c khÃ´ng khÃ­ pin yáº¿u. giao hÃ ng nhanh.
San pham dung nhu mo ta. giao hang nhanh. dong goi can than.,Sáº£n pháº©m Ä‘Ãºng nhÆ° mÃ´ táº£. giao hÃ ng nhanh. Ä‘Ã³ng gÃ³i cáº©n tháº­n.
battery du phong man hinh on. minh rat thich.,Pin dá»± phÃ²ng mÃ n hÃ¬nh á»•n. mÃ¬nh ráº¥t thÃ­ch.
loa pin tut nhanh. giao hang nhanh.,Loa pin tá»¥t nhanh. giao hÃ ng nhanh.
mÃ¡y lá»c khÃ´ng khÃ­ Ä‘Ã¡ng tháº¥t vá»ng. giao hÃ ng nhanh. khÃ³ liÃªn há»‡. giÃ¡ Ä‘áº¯t. ğŸ˜«,MÃ¡y lá»c khÃ´ng khÃ­ Ä‘Ã¡ng tháº¥t vá»ng. giao hÃ ng nhanh. khÃ³ liÃªn há»‡. giÃ¡ Ä‘áº¯t.
sáº£n pháº©m chuan nhÆ° mÃ´ táº£. Ã¢m thanh hay. mÃ n hÃ¬nh bá»‹ há»Ÿ sÃ¡ng.,Sáº£n pháº©m Ä‘Ãºng nhÆ° mÃ´ táº£. Ã¢m thanh hay. mÃ n hÃ¬nh bá»‹ há»Ÿ sÃ¡ng.
battery dá»± phÃ²ng Ä‘Ã¡ng fail. hong Æ°ng bá»¥ng.,Pin dá»± phÃ²ng Ä‘Ã¡ng tháº¥t vá»ng. khÃ´ng hÃ i lÃ²ng.
San pham pin yeu. giao hang nhanh.,Sáº£n pháº©m pin yáº¿u. giao hÃ ng nhanh.
laptop audio hay. ráº¥t tv.,Laptop Ã¢m thanh hay. ráº¥t tháº¥t vá»ng.
Pin du phong khong nhu mo ta. gia hoi cao.,Pin dá»± phÃ²ng khÃ´ng nhÆ° mÃ´ táº£. giÃ¡ hÆ¡i cao.
Router Wiâ€‘Fi dang tien. am thanh hay. man hinh xau.,Router Wiâ€‘Fi Ä‘Ã¡ng tiá»n. Ã¢m thanh hay. mÃ n hÃ¬nh xáº¥u.
mÃ¡y lá»c hok khÃ­ chuan nhÆ° mÃ´ táº£. pháº£n há»“i cháº­m.,MÃ¡y lá»c khÃ´ng khÃ­ Ä‘Ãºng nhÆ° mÃ´ táº£. pháº£n há»“i cháº­m.
ban phim co chat luong rat tot. giao hang dung hen. dong goi can than.,BÃ n phÃ­m cÆ¡ cháº¥t lÆ°á»£ng ráº¥t tá»‘t. giao hÃ ng Ä‘Ãºng háº¹n. Ä‘Ã³ng gÃ³i cáº©n tháº­n.
router wiâ€‘fi tháº¥t vá»ng. giao hoi cháº­m. Ä‘Ã³ng gÃ³i sÆ¡ sÃ i.,Router Wiâ€‘Fi tháº¥t vá»ng. giao hÆ¡i cháº­m. Ä‘Ã³ng gÃ³i sÆ¡ sÃ i.
San pham pinn tot. bi tre lich giao.,Sáº£n pháº©m pin tá»‘t. bá»‹ trá»… lá»‹ch giao.
loa man hinh dep. khong hai long.,Loa mÃ n hÃ¬nh Ä‘áº¹p. khÃ´ng hÃ i lÃ²ng.
Battery du phong rat te. gia re.,Pin dá»± phÃ²ng ráº¥t tá»‡. giÃ¡ ráº».
laptop cháº¥t lÆ°á»£ng kÃ©m. há»— trá»£ nhiá»‡t tÃ¬nh. âŒ,Laptop cháº¥t lÆ°á»£ng kÃ©m. há»— trá»£ nhiá»‡t tÃ¬nh.
dien thoai battery on. giao hoi cham.,Äiá»‡n thoáº¡i pin á»•n. giao hÆ¡i cháº­m.
Router Wiâ€‘Fi Ä‘á»™ hoÃ n thiá»‡n cao. mk max thÃ­ch.,Router Wiâ€‘Fi Ä‘á»™ hoÃ n thiá»‡n cao. mÃ¬nh ráº¥t thÃ­ch.
Man hinh dung nhu mo ta. bi tre lich giao. phan hoi cham. gia hop ly.,MÃ n hÃ¬nh Ä‘Ãºng nhÆ° mÃ´ táº£. bá»‹ trá»… lá»‹ch giao. pháº£n há»“i cháº­m. giÃ¡ há»£p lÃ½.
router wiâ€‘fi dang tien. rat that vong.,Router Wiâ€‘Fi Ä‘Ã¡ng tiá»n. ráº¥t tháº¥t vá»ng.
router wiâ€‘fi rat te. giao hoi cham. dong goi so sai.,Router Wiâ€‘Fi ráº¥t tá»‡. giao hÆ¡i cháº­m. Ä‘Ã³ng gÃ³i sÆ¡ sÃ i.
laptop mÃ n hÃ¬nh Ä‘áº¹p. ráº¥t tháº¥t vá»ng.,Laptop mÃ n hÃ¬nh Ä‘áº¹p. ráº¥t tháº¥t vá»ng.
May loc khong khi tuyet voi. rat that vong.,MÃ¡y lá»c khÃ´ng khÃ­ tuyá»‡t vá»i. ráº¥t tháº¥t vá»ng.
BÃ n phÃ­m cÆ¡ cháº¥t lÆ°á»£ng cá»±c tá»‘t. Ã¢m thanh á»•n. mÃ n hÃ¬nh bá»‹ há»Ÿ sÃ¡ng.,BÃ n phÃ­m cÆ¡ cháº¥t lÆ°á»£ng ráº¥t tá»‘t. Ã¢m thanh á»•n. mÃ n hÃ¬nh bá»‹ há»Ÿ sÃ¡ng.
man hinh do hoan thien cao. dong goi chac chan.,MÃ n hÃ¬nh Ä‘á»™ hoÃ n thiá»‡n cao. Ä‘Ã³ng gÃ³i cháº¯c cháº¯n.
MÃ¡y lá»c ko khÃ­ cháº¥t lÆ°á»£ng kÃ©m. pháº£n há»“i cháº­m. ğŸ˜«,MÃ¡y lá»c khÃ´ng khÃ­ cháº¥t lÆ°á»£ng kÃ©m. pháº£n há»“i cháº­m.
Ä‘iá»‡n thoáº¡i pinn á»•n. bá»‹ trá»ƒ lá»‹ch giao.,Äiá»‡n thoáº¡i pin á»•n. bá»‹ trá»… lá»‹ch giao.
tai nghe xá»©ng Ä‘Ã¡ng vs gia tiá»n. Ä‘Ã³ng gÃ³i cháº¯c cháº¯n.,Tai nghe xá»©ng Ä‘Ã¡ng vá»›i giÃ¡ tiá»n. Ä‘Ã³ng gÃ³i cháº¯c cháº¯n.
MÃ¡y lá»c kh khÃ­ vl tá»‡. khÃ³ liÃªn há»‡.,MÃ¡y lá»c khÃ´ng khÃ­ ráº¥t tá»‡. khÃ³ liÃªn há»‡.
router wiâ€‘fi xá»©ng Ä‘Ã¡ng vá»›i giÃ¡ tiá»n. Ä‘Ã³ng gÃ³i cháº¯c cháº¯n.,Router Wiâ€‘Fi xá»©ng Ä‘Ã¡ng vá»›i giÃ¡ tiá»n. Ä‘Ã³ng gÃ³i cháº¯c cháº¯n.
Router Wiâ€‘Fi cháº¥t lÆ°á»£ng kÃ©m. $ há»£p lÃ½.,Router Wiâ€‘Fi cháº¥t lÆ°á»£ng kÃ©m. giÃ¡ há»£p lÃ½.
May loc khong khi am thanh te. minh rat thich.,MÃ¡y lá»c khÃ´ng khÃ­ Ã¢m thanh tá»‡. mÃ¬nh ráº¥t thÃ­ch.
Loa max tá»‡. khÃ¡ Æ°ng bá»¥ng.,Loa ráº¥t tá»‡. khÃ¡ hÃ i lÃ²ng.
Ban phim co do hoan thien cao. khong hai long.,BÃ n phÃ­m cÆ¡ Ä‘á»™ hoÃ n thiá»‡n cao. khÃ´ng hÃ i lÃ²ng.
loa Ã¢m thanh tá»‡. max fail.,Loa Ã¢m thanh tá»‡. ráº¥t tháº¥t vá»ng.
pinn dá»± phÃ²ng mÃ£i Ä‘á»‰nh. bá»‹ tre lá»‹ch giao. khÃ³ liÃªn há»‡. $ hoi cao. ğŸ«¶,Pin dá»± phÃ²ng tuyá»‡t vá»i. bá»‹ trá»… lá»‹ch giao. khÃ³ liÃªn há»‡. giÃ¡ hÆ¡i cao.
laptop chat luong kem. giao hoi cham. kho lien he. gia dat.,Laptop cháº¥t lÆ°á»£ng kÃ©m. giao hÆ¡i cháº­m. khÃ³ liÃªn há»‡. giÃ¡ Ä‘áº¯t.
router wiâ€‘fi dang that vong. giao hoi cham. phan hoi cham. gia re.,Router Wiâ€‘Fi Ä‘Ã¡ng tháº¥t vá»ng. giao hÆ¡i cháº­m. pháº£n há»“i cháº­m. giÃ¡ ráº».
Battery du phong khong nhu mo ta. am thanh on. man hinh dep.,Pin dá»± phÃ²ng khÃ´ng nhÆ° mÃ´ táº£. Ã¢m thanh á»•n. mÃ n hÃ¬nh Ä‘áº¹p.
Router Wiâ€‘Fi pin yeu. giao hang dung hen.,Router Wiâ€‘Fi pin yáº¿u. giao hÃ ng Ä‘Ãºng háº¹n.
Äiá»‡n thoáº¡i kh nhÆ° mÃ´ táº£. pháº£n há»“i nhanh.,Äiá»‡n thoáº¡i khÃ´ng nhÆ° mÃ´ táº£. pháº£n há»“i nhanh.
tai nghe dang that vong. minh rat thich.,Tai nghe Ä‘Ã¡ng tháº¥t vá»ng. mÃ¬nh ráº¥t thÃ­ch.
tai nghe chat luong kem. ho tro nhiet tinh.,Tai nghe cháº¥t lÆ°á»£ng kÃ©m. há»— trá»£ nhiá»‡t tÃ¬nh.
router wiâ€‘fi pin yeu. bi tre lich giao.,Router Wiâ€‘Fi pin yáº¿u. bá»‹ trá»… lá»‹ch giao.
sáº£n pháº©m tuyá»‡t vá»i. gia hoi cao. ğŸ†’,Sáº£n pháº©m tuyá»‡t vá»i. giÃ¡ hÆ¡i cao.
Pin du phong chat luong kem. giao hang dung hen. dong goi chac chan.,Pin dá»± phÃ²ng cháº¥t lÆ°á»£ng kÃ©m. giao hÃ ng Ä‘Ãºng háº¹n. Ä‘Ã³ng gÃ³i cháº¯c cháº¯n.
ban phim co xung dang voi gia tien. am thanh hay. man hinh dep.,BÃ n phÃ­m cÆ¡ xá»©ng Ä‘Ã¡ng vá»›i giÃ¡ tiá»n. Ã¢m thanh hay. mÃ n hÃ¬nh Ä‘áº¹p.
Pin du phong dang tien. minh rat thich.,Pin dá»± phÃ²ng Ä‘Ã¡ng tiá»n. mÃ¬nh ráº¥t thÃ­ch.
bÃ n phÃ­m cÆ¡ khong nhÆ° mÃ´ táº£. Ä‘Ã³ng gÃ³i cháº¯c cháº¯n.,BÃ n phÃ­m cÆ¡ khÃ´ng nhÆ° mÃ´ táº£. Ä‘Ã³ng gÃ³i cháº¯c cháº¯n.
Laptop cháº¥t lÆ°á»£ng siÃªu tá»‘t. $ há»£p lÃ½.,Laptop cháº¥t lÆ°á»£ng ráº¥t tá»‘t. giÃ¡ há»£p lÃ½.
may loc khong khi dang tien. am thanh hay. man hinh bi ho sang.,MÃ¡y lá»c khÃ´ng khÃ­ Ä‘Ã¡ng tiá»n. Ã¢m thanh hay. mÃ n hÃ¬nh bá»‹ há»Ÿ sÃ¡ng.
Dien thoai dung nhu mo ta. giao hang nhanh. ho tro nhiet tinh. gia hop ly.,Äiá»‡n thoáº¡i Ä‘Ãºng nhÆ° mÃ´ táº£. giao hÃ ng nhanh. há»— trá»£ nhiá»‡t tÃ¬nh. giÃ¡ há»£p lÃ½.
Ä‘iá»‡n thoáº¡i am thanh hay. khÃ´ng hÃ i lÃ²ng. âš¡,Äiá»‡n thoáº¡i Ã¢m thanh hay. khÃ´ng hÃ i lÃ²ng.
Pin du phong chat luong kem. giao hoi cham. phan hoi nhanh. gia hoi cao.,Pin dá»± phÃ²ng cháº¥t lÆ°á»£ng kÃ©m. giao hÆ¡i cháº­m. pháº£n há»“i nhanh. giÃ¡ hÆ¡i cao.
Router Wiâ€‘Fi cháº¥t lÆ°á»£ng kÃ©m. gia hoi cao. ğŸ˜©,Router Wiâ€‘Fi cháº¥t lÆ°á»£ng kÃ©m. giÃ¡ hÆ¡i cao.
bÃ n phÃ­m cÆ¡ pinn tá»‘t. giao hoi cháº­m.,BÃ n phÃ­m cÆ¡ pin tá»‘t. giao hÆ¡i cháº­m.
man hinh man hinh on. kha hai long.,MÃ n hÃ¬nh mÃ n hÃ¬nh á»•n. khÃ¡ hÃ i lÃ²ng.
Tai nghe tuyá»‡t vá»i. giao hÃ ng chuan háº¹n. Ä‘Ã³ng gÃ³i cháº¯c cháº¯n.,Tai nghe tuyá»‡t vá»i. giao hÃ ng Ä‘Ãºng háº¹n. Ä‘Ã³ng gÃ³i cháº¯c cháº¯n.
May loc khong khi dung nhu mo ta. am thanh on. man hinh dep.,MÃ¡y lá»c khÃ´ng khÃ­ Ä‘Ãºng nhÆ° mÃ´ táº£. Ã¢m thanh á»•n. mÃ n hÃ¬nh Ä‘áº¹p.
man hinh man hinh xau. kha hai long.,MÃ n hÃ¬nh mÃ n hÃ¬nh xáº¥u. khÃ¡ hÃ i lÃ²ng.
loa battery on. giao hoi cham.,Loa pin á»•n. giao hÆ¡i cháº­m.
mÃ n hÃ¬nh Ã¢m thanh rÃ¨. mÃ¬nh ráº¥t thÃ­ch. â¤ï¸,MÃ n hÃ¬nh Ã¢m thanh rÃ¨. mÃ¬nh ráº¥t thÃ­ch.
mÃ n hÃ¬nh Ä‘Ã¡ng tháº¥t vá»ng. Ä‘Ã³ng gÃ³i sÆ¡ sÃ i.,MÃ n hÃ¬nh Ä‘Ã¡ng tháº¥t vá»ng. Ä‘Ã³ng gÃ³i sÆ¡ sÃ i.
bÃ n phÃ­m cÆ¡ Ä‘Ã¡ng tháº¥t vá»ng. giao hÃ ng nhanh. pháº£n há»“i nhanh. giÃ¡ há»£p lÃ½. ğŸ¥¶,BÃ n phÃ­m cÆ¡ Ä‘Ã¡ng tháº¥t vá»ng. giao hÃ ng nhanh. pháº£n há»“i nhanh. giÃ¡ há»£p lÃ½.
Battery dá»± phÃ²ng pinn tá»‘t. giao hoi cháº­m.,Pin dá»± phÃ²ng pin tá»‘t. giao hÆ¡i cháº­m.
laptop tuyá»‡t vá»i. giao hÃ ng nhanh. Ä‘Ã³ng gÃ³i cháº¯c cháº¯n.,Laptop tuyá»‡t vá»i. giao hÃ ng nhanh. Ä‘Ã³ng gÃ³i cháº¯c cháº¯n.
pinn dá»± phÃ²ng tuyá»‡t vá»i. Ä‘Ã³ng gÃ³i sÆ¡ sÃ i.,Pin dá»± phÃ²ng tuyá»‡t vá»i. Ä‘Ã³ng gÃ³i sÆ¡ sÃ i.
Loa am thanh te. minh rat thich.,Loa Ã¢m thanh tá»‡. mÃ¬nh ráº¥t thÃ­ch.
Ä‘iá»‡n thoáº¡i chuan nhÆ° mÃ´ táº£. rat fail.,Äiá»‡n thoáº¡i Ä‘Ãºng nhÆ° mÃ´ táº£. ráº¥t tháº¥t vá»ng.
Ban phim co chat luong kem. minh rat thich.,BÃ n phÃ­m cÆ¡ cháº¥t lÆ°á»£ng kÃ©m. mÃ¬nh ráº¥t thÃ­ch.
loa battery tut nhanh. giao hang dung hen.,Loa pin tá»¥t nhanh. giao hÃ ng Ä‘Ãºng háº¹n.
Ä‘iá»‡n thoáº¡i tuyá»‡t vá»i. khÃ´ng hÃ i lÃ²ng. ğŸ¥°,Äiá»‡n thoáº¡i tuyá»‡t vá»i. khÃ´ng hÃ i lÃ²ng.
tai nghe siÃªu tá»‡. giao hoi cháº­m. khÃ³ liÃªn há»‡. $ hoi cao.,Tai nghe ráº¥t tá»‡. giao hÆ¡i cháº­m. khÃ³ liÃªn há»‡. giÃ¡ hÆ¡i cao.
mÃ¡y lá»c ko khÃ­ audio tá»‡. khÃ¡ Æ°ng bá»¥ng.,MÃ¡y lá»c khÃ´ng khÃ­ Ã¢m thanh tá»‡. khÃ¡ hÃ i lÃ²ng.
May loc khong khi pin yeu. giao hoi cham.,MÃ¡y lá»c khÃ´ng khÃ­ pin yáº¿u. giao hÆ¡i cháº­m.
Tai nghe do hoan thien cao. phan hoi cham.,Tai nghe Ä‘á»™ hoÃ n thiá»‡n cao. pháº£n há»“i cháº­m.
ban phim co dang tien. giao hang nhanh. phan hoi cham. gia dat.,BÃ n phÃ­m cÆ¡ Ä‘Ã¡ng tiá»n. giao hÃ ng nhanh. pháº£n há»“i cháº­m. giÃ¡ Ä‘áº¯t.
pinn dá»± phÃ²ng tháº¥t vá»ng. há»— trá»£ nhiá»‡t tÃ¬nh. âš ,Pin dá»± phÃ²ng tháº¥t vá»ng. há»— trá»£ nhiá»‡t tÃ¬nh.
man hinh dung nhu mo ta. dong goi can than.,MÃ n hÃ¬nh Ä‘Ãºng nhÆ° mÃ´ táº£. Ä‘Ã³ng gÃ³i cáº©n tháº­n.
Laptop mÃ n hÃ¬nh xáº¥u. m rat thÃ­ch. ğŸ¥µ,Laptop mÃ n hÃ¬nh xáº¥u. mÃ¬nh ráº¥t thÃ­ch.
Router Wiâ€‘Fi max tá»‡. $ Ä‘áº¯t.,Router Wiâ€‘Fi ráº¥t tá»‡. giÃ¡ Ä‘áº¯t.
Man hinh xung dang voi gia tien. giao hang nhanh. phan hoi cham. gia hop ly.,MÃ n hÃ¬nh xá»©ng Ä‘Ã¡ng vá»›i giÃ¡ tiá»n. giao hÃ ng nhanh. pháº£n há»“i cháº­m. giÃ¡ há»£p lÃ½.
tai nghe mÃ n hÃ¬nh xáº¥u. hong hÃ i lÃ²ng. ğŸ‘Œ,Tai nghe mÃ n hÃ¬nh xáº¥u. khÃ´ng hÃ i lÃ²ng.
man hinh tuyet voi. giao hang dung hen. dong goi chac chan.,MÃ n hÃ¬nh tuyá»‡t vá»i. giao hÃ ng Ä‘Ãºng háº¹n. Ä‘Ã³ng gÃ³i cháº¯c cháº¯n.
Tai nghe chuan nhÆ° mÃ´ táº£. giao hÃ ng chÃ­nh xÃ¡c háº¹n. khÃ³ liÃªn há»‡. $ ráº».,Tai nghe Ä‘Ãºng nhÆ° mÃ´ táº£. giao hÃ ng Ä‘Ãºng háº¹n. khÃ³ liÃªn há»‡. giÃ¡ ráº».
mÃ n hÃ¬nh Ä‘Ã¡ng tiá»n. khÃ³ liÃªn há»‡.,MÃ n hÃ¬nh Ä‘Ã¡ng tiá»n. khÃ³ liÃªn há»‡.
Pinn dá»± phÃ²ng k nhÆ° mÃ´ táº£. giao hÃ ng nhanh. Ä‘Ã³ng gÃ³i sÆ¡ sÃ i.,Pin dá»± phÃ²ng khÃ´ng nhÆ° mÃ´ táº£. giao hÃ ng nhanh. Ä‘Ã³ng gÃ³i sÆ¡ sÃ i.
Dien thoai chat luong kem. bi tre lich giao. kho lien he. gia dat.,Äiá»‡n thoáº¡i cháº¥t lÆ°á»£ng kÃ©m. bá»‹ trá»… lá»‹ch giao. khÃ³ liÃªn há»‡. giÃ¡ Ä‘áº¯t.
san pham dang tien. bi tre lich giao. phan hoi cham. gia re.,Sáº£n pháº©m Ä‘Ã¡ng tiá»n. bá»‹ trá»… lá»‹ch giao. pháº£n há»“i cháº­m. giÃ¡ ráº».
May loc khong khi dung nhu mo ta. phan hoi nhanh.,MÃ¡y lá»c khÃ´ng khÃ­ Ä‘Ãºng nhÆ° mÃ´ táº£. pháº£n há»“i nhanh.
Pin du phong dung nhu mo ta. dong goi chac chan.,Pin dá»± phÃ²ng Ä‘Ãºng nhÆ° mÃ´ táº£. Ä‘Ã³ng gÃ³i cháº¯c cháº¯n.
MÃ¡y lá»c hÃ´ng khÃ­ battery yáº¿u. bá»‹ trá»ƒ lá»‹ch giao.,MÃ¡y lá»c khÃ´ng khÃ­ pin yáº¿u. bá»‹ trá»… lá»‹ch giao.
Pin dá»± phÃ²ng khÃ´ng Ä‘Ãºng mÃ´ táº£. gh Ä‘Ãºng háº¹n. dong goi sÆ¡ sÃ i.,Pin dá»± phÃ²ng khÃ´ng nhÆ° mÃ´ táº£. giao hÃ ng Ä‘Ãºng háº¹n. Ä‘Ã³ng gÃ³i sÆ¡ sÃ i.
bÃ n phÃ­m cÆ¡ Ä‘á»‰nh. ráº¥t that vong. ğŸ˜,BÃ n phÃ­m cÆ¡ tuyá»‡t vá»i. ráº¥t tháº¥t vá»ng.
Laptop that vong. am thanh re. man hinh on.,Laptop tháº¥t vá»ng. Ã¢m thanh rÃ¨. mÃ n hÃ¬nh á»•n.
loa Ä‘Ã¡ng tháº¥t vá»ng. pack cháº¯c cháº¯n. ğŸ’”,Loa Ä‘Ã¡ng tháº¥t vá»ng. Ä‘Ã³ng gÃ³i cháº¯c cháº¯n.
ban phim co tuyet voi. giao hang nhanh. phan hoi cham. gia dat.,BÃ n phÃ­m cÆ¡ tuyá»‡t vá»i. giao hÃ ng nhanh. pháº£n há»“i cháº­m. giÃ¡ Ä‘áº¯t.
Laptop man hinh bi ho sang. kha hai long.,Laptop mÃ n hÃ¬nh bá»‹ há»Ÿ sÃ¡ng. khÃ¡ hÃ i lÃ²ng.
Router Wiâ€‘Fi man hinh on. minh rat thich.,Router Wiâ€‘Fi mÃ n hÃ¬nh á»•n. mÃ¬nh ráº¥t thÃ­ch.
dien thoai dang tien. dong goi can than.,Äiá»‡n thoáº¡i Ä‘Ã¡ng tiá»n. Ä‘Ã³ng gÃ³i cáº©n tháº­n.
Dien thoai man hinh bi ho sang. khong hai long.,Äiá»‡n thoáº¡i mÃ n hÃ¬nh bá»‹ há»Ÿ sÃ¡ng. khÃ´ng hÃ i lÃ²ng.
ban phim co pin tot. giao hoi cham.,BÃ n phÃ­m cÆ¡ pin tá»‘t. giao hÆ¡i cháº­m.
tai nghe pin tá»¥t nhanh. giao hÃ ng nhanh.,Tai nghe pin tá»¥t nhanh. giao hÃ ng nhanh.
Äiá»‡n thoáº¡i tháº¥t vá»ng. pháº£n há»“i nhanh. âš ,Äiá»‡n thoáº¡i tháº¥t vá»ng. pháº£n há»“i nhanh.
laptop xung dang voi gia tien. giao hang dung hen. dong goi so sai.,Laptop xá»©ng Ä‘Ã¡ng vá»›i giÃ¡ tiá»n. giao hÃ ng Ä‘Ãºng háº¹n. Ä‘Ã³ng gÃ³i sÆ¡ sÃ i.
router wiâ€‘fi pinn tot. giao hoi cham.,Router Wiâ€‘Fi pin tá»‘t. giao hÆ¡i cháº­m.
may loc khong khi man hinh dep. khong hai long.,MÃ¡y lá»c khÃ´ng khÃ­ mÃ n hÃ¬nh Ä‘áº¹p. khÃ´ng hÃ i lÃ²ng.
Dien thoai pin yeu. bi tre lich giao.,Äiá»‡n thoáº¡i pin yáº¿u. bá»‹ trá»… lá»‹ch giao.
Ä‘iá»‡n thoáº¡i max tá»‡. giao hÃ ng chuan háº¹n. Ä‘Ã³ng gÃ³i cáº©n tháº­n. ğŸ˜ ,Äiá»‡n thoáº¡i ráº¥t tá»‡. giao hÃ ng Ä‘Ãºng háº¹n. Ä‘Ã³ng gÃ³i cáº©n tháº­n.
battery du phong that vong. giao hoi cham. ho tro nhiet tinh. gia hop ly.,Pin dá»± phÃ²ng tháº¥t vá»ng. giao hÆ¡i cháº­m. há»— trá»£ nhiá»‡t tÃ¬nh. giÃ¡ há»£p lÃ½.
Dien thoai tuyet voi. gia re.,Äiá»‡n thoáº¡i tuyá»‡t vá»i. giÃ¡ ráº».
router wiâ€‘fi mÃ n hÃ¬nh Ä‘áº¹p. ráº¥t tháº¥t vá»ng.,Router Wiâ€‘Fi mÃ n hÃ¬nh Ä‘áº¹p. ráº¥t tháº¥t vá»ng.
Tai nghe battery á»•n. giao hÃ ng nhanh.,Tai nghe pin á»•n. giao hÃ ng nhanh.
router wiâ€‘fi dang tien. dong goi can than.,Router Wiâ€‘Fi Ä‘Ã¡ng tiá»n. Ä‘Ã³ng gÃ³i cáº©n tháº­n.
loa Ã¢m thanh rÃ¨. khÃ¡ hÃ i lÃ²ng.,Loa Ã¢m thanh rÃ¨. khÃ¡ hÃ i lÃ²ng.
pin dá»± phÃ²ng cháº¥t lÆ°á»£ng ráº¥t tá»‘t. pháº£n há»“i cháº­m. ğŸ™Œ,Pin dá»± phÃ²ng cháº¥t lÆ°á»£ng ráº¥t tá»‘t. pháº£n há»“i cháº­m.
loa do hoan thien cao. phan hoi nhanh.,Loa Ä‘á»™ hoÃ n thiá»‡n cao. pháº£n há»“i nhanh.
Pinn dá»± phÃ²ng Ã¢m thanh á»•n. khÃ¡ hÃ i lÃ²ng.,Pin dá»± phÃ²ng Ã¢m thanh á»•n. khÃ¡ hÃ i lÃ²ng.
Man hinh chat luong rat tot. gia hop ly.,MÃ n hÃ¬nh cháº¥t lÆ°á»£ng ráº¥t tá»‘t. giÃ¡ há»£p lÃ½.
Loa dung nhu mo ta. rat that vong.,Loa Ä‘Ãºng nhÆ° mÃ´ táº£. ráº¥t tháº¥t vá»ng.
laptop am thanh á»•n. khÃ¡ hai long.,Laptop Ã¢m thanh á»•n. khÃ¡ hÃ i lÃ²ng.
mÃ n hÃ¬nh cháº¥t lÆ°á»£ng ráº¥t tá»‘t. giao hÆ¡i cháº­m. Ä‘Ã³ng gÃ³i cháº¯c cháº¯n.,MÃ n hÃ¬nh cháº¥t lÆ°á»£ng ráº¥t tá»‘t. giao hÆ¡i cháº­m. Ä‘Ã³ng gÃ³i cháº¯c cháº¯n.
san pham man hinh bi ho sang. minh rat thich.,Sáº£n pháº©m mÃ n hÃ¬nh bá»‹ há»Ÿ sÃ¡ng. mÃ¬nh ráº¥t thÃ­ch.
mÃ n hÃ¬nh cháº¥t lÆ°á»£ng ráº¥t tá»‘t. Ä‘Ã³ng gÃ³i cháº¯c cháº¯n.,MÃ n hÃ¬nh cháº¥t lÆ°á»£ng ráº¥t tá»‘t. Ä‘Ã³ng gÃ³i cháº¯c cháº¯n.
Laptop dung nhu mo ta. giao hang nhanh. dong goi so sai.,Laptop Ä‘Ãºng nhÆ° mÃ´ táº£. giao hÃ ng nhanh. Ä‘Ã³ng gÃ³i sÆ¡ sÃ i.
loa Ä‘Ãºng nhÆ° mÃ´ táº£. khÃ´ng hÃ i lÃ²ng.,Loa Ä‘Ãºng nhÆ° mÃ´ táº£. khÃ´ng hÃ i lÃ²ng.
tai nghe rat te. gia dat.,Tai nghe ráº¥t tá»‡. giÃ¡ Ä‘áº¯t.
ban phim co dang tien. ho tro nhiet tinh.,BÃ n phÃ­m cÆ¡ Ä‘Ã¡ng tiá»n. há»— trá»£ nhiá»‡t tÃ¬nh.
mÃ n hÃ¬nh siÃªu tá»‡. Ä‘Ã³ng gÃ³i cháº¯c cháº¯n. ğŸ˜“,MÃ n hÃ¬nh ráº¥t tá»‡. Ä‘Ã³ng gÃ³i cháº¯c cháº¯n.
pinn dá»± phÃ²ng chuáº©n nhÆ° mÃ´ táº£. bá»‹ trá»ƒ lá»‹ch giao. há»— trá»£ nhiá»‡t tÃ¬nh. $ Ä‘áº¯t.,Pin dá»± phÃ²ng Ä‘Ãºng nhÆ° mÃ´ táº£. bá»‹ trá»… lá»‹ch giao. há»— trá»£ nhiá»‡t tÃ¬nh. giÃ¡ Ä‘áº¯t.
Loa dung nhu mo ta. gia hop ly.,Loa Ä‘Ãºng nhÆ° mÃ´ táº£. giÃ¡ há»£p lÃ½.
may loc khong khi dang that vong. bi tre lich giao. dong goi can than.,MÃ¡y lá»c khÃ´ng khÃ­ Ä‘Ã¡ng tháº¥t vá»ng. bá»‹ trá»… lá»‹ch giao. Ä‘Ã³ng gÃ³i cáº©n tháº­n.
loa ráº¥t tá»‡. bá»‹ trá»… lá»‹ch giao. Ä‘Ã³ng gÃ³i cháº¯c cháº¯n.,Loa ráº¥t tá»‡. bá»‹ trá»… lá»‹ch giao. Ä‘Ã³ng gÃ³i cháº¯c cháº¯n.
man hinh chat luong kem. dong goi chac chan.,MÃ n hÃ¬nh cháº¥t lÆ°á»£ng kÃ©m. Ä‘Ã³ng gÃ³i cháº¯c cháº¯n.
Ä‘iá»‡n thoáº¡i pin tá»¥t nhanh. ship nhanh.,Äiá»‡n thoáº¡i pin tá»¥t nhanh. giao hÃ ng nhanh.
Router Wiâ€‘Fi dung nhu mo ta. am thanh re. man hinh dep.,Router Wiâ€‘Fi Ä‘Ãºng nhÆ° mÃ´ táº£. Ã¢m thanh rÃ¨. mÃ n hÃ¬nh Ä‘áº¹p.
pinn du phong do hoan thien cao. dong goi chac chan.,Pin dá»± phÃ²ng Ä‘á»™ hoÃ n thiá»‡n cao. Ä‘Ã³ng gÃ³i cháº¯c cháº¯n.
pin dá»± phÃ²ng tuyá»‡t vá»i. giÃ¡ hÆ¡i cao. ğŸ’,Pin dá»± phÃ²ng tuyá»‡t vá»i. giÃ¡ hÆ¡i cao.
loa Ä‘Ã¡ng tiá»n. kh Æ°ng bá»¥ng.,Loa Ä‘Ã¡ng tiá»n. khÃ´ng hÃ i lÃ²ng.
battery dá»± phÃ²ng Ä‘á»™ hoÃ n thiá»‡n cao. audio tá»‡. mÃ n hÃ¬nh xáº¥u.,Pin dá»± phÃ²ng Ä‘á»™ hoÃ n thiá»‡n cao. Ã¢m thanh tá»‡. mÃ n hÃ¬nh xáº¥u.
Ä‘iá»‡n thoáº¡i mÃ n hÃ¬nh á»•n. rat tháº¥t vá»ng.,Äiá»‡n thoáº¡i mÃ n hÃ¬nh á»•n. ráº¥t tháº¥t vá»ng.
Pinn du phong pinn tot. giao hang dung hen.,Pin dá»± phÃ²ng pin tá»‘t. giao hÃ ng Ä‘Ãºng háº¹n.
Battery dá»± phÃ²ng vl tá»‡. khÃ³ liÃªn há»‡.,Pin dá»± phÃ²ng ráº¥t tá»‡. khÃ³ liÃªn há»‡.
tai nghe pin on. giao hoi cham.,Tai nghe pin á»•n. giao hÆ¡i cháº­m.
ban phim co dung nhu mo ta. giao hang nhanh. dong goi chac chan.,BÃ n phÃ­m cÆ¡ Ä‘Ãºng nhÆ° mÃ´ táº£. giao hÃ ng nhanh. Ä‘Ã³ng gÃ³i cháº¯c cháº¯n.
tai nghe am thanh te. minh rat thich.,Tai nghe Ã¢m thanh tá»‡. mÃ¬nh ráº¥t thÃ­ch.
tai nghe am thanh te. khong hai long.,Tai nghe Ã¢m thanh tá»‡. khÃ´ng hÃ i lÃ²ng.
ban phim co dang tien. khong hai long.,BÃ n phÃ­m cÆ¡ Ä‘Ã¡ng tiá»n. khÃ´ng hÃ i lÃ²ng.
Loa chat luong rat tot. dong goi chac chan.,Loa cháº¥t lÆ°á»£ng ráº¥t tá»‘t. Ä‘Ã³ng gÃ³i cháº¯c cháº¯n.
Router Wiâ€‘Fi Ã¢m thanh tá»‡. mik vl thÃ­ch.,Router Wiâ€‘Fi Ã¢m thanh tá»‡. mÃ¬nh ráº¥t thÃ­ch.
Äiá»‡n thoáº¡i Ä‘Ã¡ng tiá»n. bá»‹ trá»… lá»‹ch giao. dong goi sÆ¡ sÃ i.,Äiá»‡n thoáº¡i Ä‘Ã¡ng tiá»n. bá»‹ trá»… lá»‹ch giao. Ä‘Ã³ng gÃ³i sÆ¡ sÃ i.
mÃ¡y lá»c khÃ´ng khÃ­ xá»©ng Ä‘Ã¡ng vá»›i giÃ¡ tiá»n. ráº¥t tháº¥t vá»ng.,MÃ¡y lá»c khÃ´ng khÃ­ xá»©ng Ä‘Ã¡ng vá»›i giÃ¡ tiá»n. ráº¥t tháº¥t vá»ng.
may loc khong khi am thanh on. kha hai long.,MÃ¡y lá»c khÃ´ng khÃ­ Ã¢m thanh á»•n. khÃ¡ hÃ i lÃ²ng.
dien thoai khong nhu mo ta. giao hang nhanh. phan hoi nhanh. gia dat.,Äiá»‡n thoáº¡i khÃ´ng nhÆ° mÃ´ táº£. giao hÃ ng nhanh. pháº£n há»“i nhanh. giÃ¡ Ä‘áº¯t.
loa cháº¥t lÆ°á»£ng kÃ©m. giao hÃ ng nhanh. Ä‘Ã³ng gÃ³i cáº©n tháº­n. ğŸ˜ ,Loa cháº¥t lÆ°á»£ng kÃ©m. giao hÃ ng nhanh. Ä‘Ã³ng gÃ³i cáº©n tháº­n.
May loc khong khi dang that vong. khong hai long.,MÃ¡y lá»c khÃ´ng khÃ­ Ä‘Ã¡ng tháº¥t vá»ng. khÃ´ng hÃ i lÃ²ng.
Router Wiâ€‘Fi dung nhu mo ta. gia dat.,Router Wiâ€‘Fi Ä‘Ãºng nhÆ° mÃ´ táº£. giÃ¡ Ä‘áº¯t.
bÃ n phÃ­m cÆ¡ pinn yáº¿u. bá»‹ tre lá»‹ch giao.,BÃ n phÃ­m cÆ¡ pin yáº¿u. bá»‹ trá»… lá»‹ch giao.
San pham do hoan thien cao. rat that vong.,Sáº£n pháº©m Ä‘á»™ hoÃ n thiá»‡n cao. ráº¥t tháº¥t vá»ng.
pin du phong am thanh on. minh rat thich.,Pin dá»± phÃ²ng Ã¢m thanh á»•n. mÃ¬nh ráº¥t thÃ­ch.
ban phim co dang tien. kho lien he.,BÃ n phÃ­m cÆ¡ Ä‘Ã¡ng tiá»n. khÃ³ liÃªn há»‡.
San pham xung dang voi gia tien. gia dat.,Sáº£n pháº©m xá»©ng Ä‘Ã¡ng vá»›i giÃ¡ tiá»n. giÃ¡ Ä‘áº¯t.
MÃ¡y lá»c hÃ´ng khÃ­ mÃ n hÃ¬nh á»•n. m max thÃ­ch.,MÃ¡y lá»c khÃ´ng khÃ­ mÃ n hÃ¬nh á»•n. mÃ¬nh ráº¥t thÃ­ch.
loa man hinh xau. rat that vong.,Loa mÃ n hÃ¬nh xáº¥u. ráº¥t tháº¥t vá»ng.
laptop pinn tut nhanh. giao hang dung hen.,Laptop pin tá»¥t nhanh. giao hÃ ng Ä‘Ãºng háº¹n.
sáº£n pháº©m Ã¢m thanh rÃ¨. khÃ¡ hai long.,Sáº£n pháº©m Ã¢m thanh rÃ¨. khÃ¡ hÃ i lÃ²ng.
laptop Ä‘Ã¡ng tiá»n. pháº£n há»“i cháº­m.,Laptop Ä‘Ã¡ng tiá»n. pháº£n há»“i cháº­m.
May loc khong khi khong nhu mo ta. khong hai long.,MÃ¡y lá»c khÃ´ng khÃ­ khÃ´ng nhÆ° mÃ´ táº£. khÃ´ng hÃ i lÃ²ng.
